time_ms,roll_deg,pitch_deg,yaw_deg,gx_dps,gy_dps,gz_dps,ax_g,ay_g,az_g
4,30.30,-20.57,0.00,0.428,-0.289,0.000,0.3589,0.4843,0.8286
23,30.29,-20.55,0.02,-0.214,0.726,0.945,0.3576,0.4844,0.8290
43,30.29,-20.54,0.01,0.000,-0.205,-0.391,0.3568,0.4847,0.8289
63,30.30,-20.53,-0.00,0.000,0.215,-0.612,0.3558,0.4849,0.8297
83,30.30,-20.52,-0.00,0.206,0.215,0.000,0.3548,0.4853,0.8296
103,30.31,-20.50,-0.01,0.481,0.322,-0.429,0.3544,0.4850,0.8304
123,30.31,-20.48,-0.01,0.229,0.291,0.000,0.3541,0.4847,0.8310
143,30.31,-20.47,-0.02,0.000,0.000,-0.612,0.3542,0.4850,0.8315
163,30.30,-20.45,-0.02,-0.481,0.696,0.357,0.3545,0.4846,0.8309
183,30.30,-20.44,-0.00,0.000,0.000,0.754,0.3544,0.4850,0.8315
203,30.29,-20.42,-0.01,-0.305,0.367,-0.605,0.3550,0.4851,0.8322
223,30.29,-20.44,-0.00,0.000,-1.335,0.395,0.3552,0.4859,0.8329
243,30.27,-20.40,0.01,-0.901,1.406,0.640,0.3548,0.4865,0.8326
263,30.29,-20.41,0.01,0.802,-0.656,0.000,0.3549,0.4864,0.8313
283,30.29,-20.39,0.01,0.000,0.337,0.000,0.3541,0.4861,0.8315
303,30.29,-20.39,0.01,0.000,-0.281,0.243,0.3547,0.4862,0.8318
323,30.29,-20.38,0.01,-0.244,0.000,0.000,0.3546,0.4862,0.8319
343,30.27,-20.39,0.02,-0.672,-0.587,0.266,0.3546,0.4858,0.8319
363,30.26,-20.38,0.02,-0.466,0.000,0.000,0.3550,0.4859,0.8319
383,30.27,-20.38,0.02,0.000,0.000,0.000,0.3550,0.4863,0.8315
403,30.27,-20.37,0.02,0.000,0.253,0.000,0.3548,0.4856,0.8317
423,30.27,-20.35,0.01,0.000,0.314,-0.253,0.3547,0.4852,0.8313
443,30.27,-20.34,0.01,0.000,0.329,0.000,0.3551,0.4854,0.8320
463,30.27,-20.34,0.01,0.000,0.000,0.000,0.3547,0.4855,0.8320
483,30.26,-20.33,0.01,-0.412,0.000,0.000,0.3547,0.4847,0.8316
503,30.25,-20.33,0.01,-0.221,0.000,0.000,0.3547,0.4842,0.8315
523,30.24,-20.33,0.01,-0.298,0.000,0.000,0.3548,0.4842,0.8317
543,30.24,-20.32,0.01,0.000,0.000,0.000,0.3550,0.4842,0.8308
563,30.25,-20.33,0.01,0.336,-0.510,0.000,0.3549,0.4839,0.8305
583,30.25,-20.33,0.01,0.000,0.000,0.000,0.3547,0.4844,0.8311
603,30.25,-20.32,0.02,0.000,0.000,0.250,0.3549,0.4844,0.8305
623,30.24,-20.32,0.02,-0.244,0.000,0.000,0.3546,0.4839,0.8300
643,30.24,-20.32,0.01,0.000,0.000,-0.261,0.3546,0.4842,0.8309
663,30.24,-20.32,0.01,0.000,0.000,0.000,0.3547,0.4844,0.8306
683,30.25,-20.31,0.01,0.229,0.000,-0.398,0.3548,0.4836,0.8297
703,30.25,-20.31,0.01,0.000,0.383,0.000,0.3549,0.4835,0.8302
723,30.24,-20.30,0.01,-0.237,0.000,0.000,0.3543,0.4843,0.8308
743,30.23,-20.29,0.01,-0.343,0.283,0.000,0.3547,0.4840,0.8319
763,30.22,-20.30,0.01,-0.603,-0.205,0.000,0.3549,0.4844,0.8317
783,30.22,-20.29,0.01,-0.252,0.000,0.000,0.3549,0.4855,0.8312
803,30.22,-20.29,0.01,0.000,0.000,0.000,0.3548,0.4853,0.8315
823,30.22,-20.29,0.01,0.000,0.000,0.000,0.3547,0.4855,0.8310
843,30.23,-20.29,0.01,0.267,0.000,0.296,0.3543,0.4854,0.8310
863,30.23,-20.28,0.01,0.000,0.000,0.000,0.3546,0.4852,0.8315
883,30.23,-20.29,0.01,0.000,-0.335,0.000,0.3548,0.4851,0.8312
903,30.24,-20.28,0.02,0.000,0.000,0.250,0.3543,0.4853,0.8306
923,30.23,-20.28,0.02,-0.389,0.000,0.250,0.3544,0.4851,0.8307
943,30.23,-20.28,0.02,-0.320,0.000,0.000,0.3543,0.4847,0.8305
963,30.23,-20.28,0.02,0.000,0.000,0.000,0.3543,0.4849,0.8315
983,30.23,-20.27,0.02,0.000,0.000,0.000,0.3544,0.4851,0.8312
1003,30.24,-20.27,0.02,0.344,0.000,0.000,0.3540,0.4854,0.8308
1023,30.24,-20.27,0.03,0.000,0.000,0.273,0.3543,0.4854,0.8317
1043,30.24,-20.27,0.02,0.000,0.000,-0.368,0.3544,0.4852,0.8329
1063,30.24,-20.26,0.02,0.000,0.000,0.000,0.3548,0.4847,0.8326
1083,30.24,-20.26,0.02,0.000,0.000,0.000,0.3549,0.4851,0.8332
1103,30.24,-20.26,0.02,0.000,0.000,0.000,0.3549,0.4851,0.8333
1123,30.24,-20.26,0.02,0.214,0.000,0.000,0.3549,0.4855,0.8335
1143,30.24,-20.25,0.02,0.252,0.000,0.000,0.3539,0.4862,0.8335
1163,30.25,-20.25,0.02,0.229,0.000,0.000,0.3539,0.4858,0.8328
1183,30.24,-20.24,0.01,-0.320,0.000,-0.299,0.3540,0.4852,0.8330
1203,30.24,-20.24,0.01,-0.214,0.000,0.000,0.3542,0.4850,0.8328
1223,30.24,-20.24,0.01,0.000,-0.213,0.000,0.3542,0.4851,0.8322
1243,30.24,-20.24,0.01,0.000,0.000,0.000,0.3542,0.4858,0.8329
1263,30.25,-20.24,0.01,0.351,0.000,0.000,0.3541,0.4861,0.8327
1283,30.25,-20.23,0.01,0.000,0.337,0.000,0.3545,0.4859,0.8318
1303,30.25,-20.23,0.02,0.206,0.000,0.311,0.3545,0.4857,0.8314
1323,30.25,-20.23,0.02,0.000,-0.259,0.000,0.3546,0.4856,0.8317
1343,30.25,-20.24,0.02,-0.252,-0.259,0.000,0.3550,0.4859,0.8320
1363,30.25,-20.24,0.03,0.000,0.000,0.281,0.3548,0.4855,0.8322
1383,30.25,-20.24,0.03,-0.305,0.000,0.000,0.3546,0.4861,0.8313
1403,30.25,-20.24,0.03,0.000,0.000,0.000,0.3545,0.4856,0.8309
1423,30.25,-20.23,0.03,0.000,0.283,0.000,0.3546,0.4854,0.8306
1443,30.25,-20.23,0.03,-0.320,0.000,0.000,0.3549,0.4860,0.8314
1463,30.25,-20.23,0.03,0.000,0.000,0.327,0.3549,0.4856,0.8316
1483,30.25,-20.23,0.04,-0.305,-0.251,0.243,0.3546,0.4858,0.8318
1503,30.25,-20.23,0.04,0.000,0.000,0.000,0.3546,0.4856,0.8316
1523,30.25,-20.23,0.04,0.000,0.000,0.000,0.3544,0.4859,0.8315
1543,30.26,-20.23,0.04,0.275,0.000,0.000,0.3537,0.4861,0.8323
1563,30.26,-20.23,0.04,0.000,0.000,0.258,0.3539,0.4862,0.8321
1583,30.26,-20.22,0.04,0.000,0.000,0.000,0.3541,0.4858,0.8322
1603,30.26,-20.23,0.04,0.000,-0.449,0.000,0.3541,0.4858,0.8331
1623,30.25,-20.23,0.04,-0.214,0.000,0.000,0.3540,0.4859,0.8325
1643,30.25,-20.23,0.04,0.000,0.000,0.000,0.3542,0.4860,0.8331
1663,30.26,-20.22,0.04,0.000,0.000,0.000,0.3544,0.4860,0.8324
1683,30.26,-20.22,0.04,0.000,0.000,0.000,0.3539,0.4858,0.8325
1703,30.26,-20.21,0.04,0.000,0.215,0.000,0.3535,0.4856,0.8325
1723,30.25,-20.21,0.04,0.000,0.000,-0.246,0.3537,0.4851,0.8331
1743,30.25,-20.21,0.04,0.000,0.000,0.000,0.3540,0.4852,0.8329
1763,30.25,-20.21,0.04,0.000,0.000,0.000,0.3538,0.4848,0.8336
1783,30.25,-20.20,0.03,0.000,0.230,-0.215,0.3541,0.4846,0.8337
1803,30.24,-20.20,0.03,0.000,0.000,0.000,0.3544,0.4849,0.8333
1823,30.24,-20.20,0.03,0.000,0.000,0.000,0.3541,0.4852,0.8326
1843,30.24,-20.20,0.03,0.000,0.000,0.000,0.3545,0.4854,0.8322
1863,30.25,-20.20,0.03,0.000,0.000,0.000,0.3549,0.4855,0.8317
1883,30.25,-20.20,0.03,0.000,0.000,0.000,0.3551,0.4856,0.8314
1903,30.25,-20.20,0.03,0.000,0.000,0.000,0.3551,0.4859,0.8317
1923,30.25,-20.21,0.03,0.000,-0.251,0.000,0.3551,0.4860,0.8322
1943,30.25,-20.21,0.02,0.000,0.000,-0.398,0.3546,0.4861,0.8324
1963,30.25,-20.21,0.02,0.000,0.000,-0.215,0.3546,0.4860,0.8322
1983,30.25,-20.21,0.02,0.000,0.000,0.000,0.3543,0.4865,0.8331
2003,30.26,-20.21,0.02,0.000,0.000,-0.253,0.3540,0.4867,0.8324
2023,30.26,-20.20,0.02,0.000,0.000,0.000,0.3543,0.4862,0.8329
2043,30.26,-20.20,0.02,0.000,0.000,0.000,0.3541,0.4865,0.8327
2063,30.26,-20.21,0.02,0.000,-0.297,0.205,0.3546,0.4856,0.8329
2083,30.26,-20.21,0.02,0.000,0.000,0.000,0.3548,0.4852,0.8329
2103,30.26,-20.21,0.01,0.000,0.000,-0.284,0.3548,0.4855,0.8322
2123,30.26,-20.21,0.01,0.000,0.000,0.000,0.3552,0.4859,0.8324
2143,30.26,-20.20,0.01,0.000,0.360,0.000,0.3554,0.4860,0.8324
2163,30.26,-20.20,0.01,0.000,0.000,0.000,0.3551,0.4858,0.8319
2183,30.26,-20.20,0.01,-0.221,0.253,0.000,0.3543,0.4859,0.8325
2203,30.26,-20.20,0.01,0.000,0.000,0.000,0.3544,0.4862,0.8320
2223,30.26,-20.20,0.01,0.000,0.000,0.000,0.3544,0.4857,0.8321
2243,30.26,-20.20,0.01,0.000,0.000,0.000,0.3540,0.4856,0.8329
2263,30.26,-20.20,0.02,0.000,0.000,0.220,0.3542,0.4856,0.8332
2283,30.25,-20.19,0.02,0.000,0.000,0.000,0.3541,0.4852,0.8333
2303,30.25,-20.19,0.02,0.000,0.000,0.000,0.3539,0.4852,0.8334
2323,30.25,-20.20,0.02,0.000,-0.327,0.342,0.3540,0.4850,0.8328
2343,30.24,-20.20,0.02,-0.320,0.000,0.000,0.3537,0.4853,0.8326
2363,30.24,-20.20,0.02,0.000,-0.243,0.000,0.3542,0.4853,0.8333
2383,30.24,-20.20,0.02,0.000,0.000,0.000,0.3544,0.4849,0.8341
2403,30.24,-20.20,0.03,0.000,0.000,0.296,0.3542,0.4850,0.8341
2423,30.24,-20.20,0.03,0.000,0.000,0.000,0.3545,0.4852,0.8332
2443,30.24,-20.20,0.03,0.000,0.000,0.000,0.3547,0.4850,0.8316
2463,30.24,-20.20,0.03,0.000,0.000,0.205,0.3545,0.4852,0.8321
2483,30.24,-20.20,0.03,0.000,0.000,0.000,0.3547,0.4850,0.8323
2503,30.24,-20.20,0.03,0.000,0.000,0.000,0.3549,0.4844,0.8327
2523,30.23,-20.20,0.03,0.000,0.000,0.000,0.3549,0.4848,0.8330
2543,30.23,-20.20,0.03,0.000,0.000,0.000,0.3545,0.4845,0.8323
2563,30.23,-20.20,0.03,0.000,0.000,0.000,0.3547,0.4839,0.8319
2583,30.23,-20.20,0.03,0.000,0.000,0.000,0.3547,0.4844,0.8323
2603,30.23,-20.20,0.03,0.000,0.000,0.000,0.3544,0.4846,0.8327
2623,30.23,-20.20,0.03,0.000,0.000,0.000,0.3547,0.4850,0.8329
2643,30.23,-20.20,0.03,0.000,0.000,0.000,0.3547,0.4849,0.8332
2663,30.23,-20.21,0.03,0.000,-0.236,0.000,0.3547,0.4853,0.8335
2683,30.22,-20.21,0.03,-0.206,0.000,0.000,0.3546,0.4855,0.8332
2703,30.22,-20.20,0.03,0.000,0.000,0.000,0.3544,0.4855,0.8334
2723,30.22,-20.20,0.03,0.000,0.000,0.000,0.3543,0.4855,0.8338
2743,30.22,-20.20,0.03,0.000,0.000,0.000,0.3545,0.4863,0.8339
2763,30.23,-20.21,0.03,0.000,-0.312,0.000,0.3549,0.4863,0.8333
2783,30.23,-20.21,0.03,0.000,0.000,0.000,0.3554,0.4866,0.8340
2803,30.23,-20.21,0.03,0.000,0.000,0.000,0.3552,0.4863,0.8353
2823,30.23,-20.21,0.03,0.000,0.000,0.000,0.3554,0.4865,0.8340
2843,30.23,-20.21,0.04,0.000,0.000,0.227,0.3551,0.4863,0.8337
2863,30.23,-20.21,0.03,0.000,0.000,-0.345,0.3550,0.4866,0.8333
2883,30.23,-20.21,0.03,0.000,0.000,0.000,0.3548,0.4866,0.8324
2903,30.24,-20.21,0.03,0.000,0.000,0.000,0.3547,0.4863,0.8322
2923,30.24,-20.21,0.03,0.000,0.000,0.000,0.3550,0.4854,0.8318
2943,30.24,-20.21,0.03,0.000,0.000,0.000,0.3545,0.4855,0.8317
2963,30.24,-20.21,0.03,0.000,-0.266,0.000,0.3544,0.4856,0.8318
2983,30.24,-20.20,0.03,0.000,0.589,0.000,0.3543,0.4855,0.8322
3003,30.24,-20.20,0.03,0.000,0.000,0.000,0.3543,0.4857,0.8326
3023,30.24,-20.20,0.03,0.000,0.000,0.000,0.3544,0.4855,0.8316
3043,30.24,-20.20,0.03,0.000,0.000,0.000,0.3544,0.4857,0.8319
3063,30.25,-20.20,0.03,0.000,0.000,-0.208,0.3547,0.4859,0.8322
3083,30.25,-20.20,0.03,0.000,0.000,0.000,0.3553,0.4859,0.8322
3103,30.25,-20.20,0.03,0.000,0.000,0.000,0.3551,0.4859,0.8321
3123,30.25,-20.20,0.02,0.000,0.000,-0.521,0.3553,0.4857,0.8318
3143,30.25,-20.20,0.02,-0.298,0.000,0.273,0.3552,0.4862,0.8319
3163,30.26,-20.21,0.01,0.428,0.000,-0.437,0.3557,0.4860,0.8312
3183,30.25,-20.20,0.03,-0.298,0.261,0.556,0.3555,0.4863,0.8310
3203,30.25,-20.21,0.03,-0.374,0.000,0.289,0.3552,0.4862,0.8304
3223,30.25,-20.20,0.03,-0.252,0.245,0.000,0.3552,0.4857,0.8303
3243,30.25,-20.21,0.04,-0.320,0.000,0.479,0.3551,0.4859,0.8311
3263,30.25,-20.21,0.04,0.000,-0.365,0.000,0.3546,0.4858,0.8306
3283,30.25,-20.21,0.05,0.000,0.000,0.434,0.3543,0.4857,0.8308
3303,30.25,-20.21,0.05,0.000,0.000,0.000,0.3542,0.4852,0.8303
3323,30.26,-20.23,0.03,0.428,-0.854,-0.773,0.3550,0.4850,0.8301
3343,30.26,-20.23,0.04,0.000,0.000,0.334,0.3545,0.4850,0.8309
3363,30.26,-20.22,0.03,0.000,0.428,-0.322,0.3543,0.4843,0.8306
3383,30.26,-20.23,0.03,0.000,-0.404,0.000,0.3540,0.4850,0.8308
3403,30.26,-20.22,0.03,0.000,0.490,-0.253,0.3540,0.4844,0.8307
3423,30.26,-20.22,0.03,0.000,0.000,0.000,0.3543,0.4849,0.8312
3443,30.25,-20.22,0.03,-0.336,0.000,0.000,0.3547,0.4846,0.8316
3463,30.26,-20.23,0.03,0.252,-0.556,0.000,0.3547,0.4851,0.8325
3483,30.26,-20.22,0.03,0.000,0.551,0.000,0.3547,0.4854,0.8325
3503,30.26,-20.22,0.03,0.000,-0.213,0.235,0.3550,0.4856,0.8331
3523,30.25,-20.22,0.03,-0.366,0.306,0.000,0.3550,0.4857,0.8327
3543,30.26,-20.23,0.03,0.389,-0.823,-0.261,0.3548,0.4852,0.8322
3563,30.25,-20.22,0.04,-0.397,0.551,0.602,0.3540,0.4853,0.8331
3583,30.26,-20.23,0.04,0.557,-0.656,0.000,0.3541,0.4849,0.8324
3603,30.25,-20.22,0.04,-0.298,0.322,0.000,0.3547,0.4850,0.8330
3623,30.24,-20.23,0.06,-0.252,-0.419,0.976,0.3546,0.4852,0.8329
3643,30.25,-20.24,0.03,0.420,-0.251,-1.406,0.3551,0.4851,0.8330
3663,30.23,-20.23,0.06,-0.809,0.459,1.182,0.3549,0.4849,0.8329
3683,30.24,-20.25,0.06,0.275,-1.281,0.000,0.3548,0.4850,0.8339
3703,30.25,-20.25,0.03,0.718,-0.312,-1.360,0.3553,0.4852,0.8336
3723,30.23,-20.25,0.05,-0.969,0.000,1.189,0.3550,0.4848,0.8336
3743,30.24,-20.25,0.04,0.527,0.000,-0.879,0.3547,0.4849,0.8326
3763,30.24,-20.25,0.04,0.328,0.000,0.000,0.3538,0.4849,0.8330
3783,31.81,-19.51,-2.10,69.680,25.261,-106.528,0.2503,0.5930,0.8152
3803,32.48,-19.06,-2.53,32.015,17.108,-21.490,0.2973,0.5536,0.8467
3823,33.93,-18.30,-3.93,69.061,33.322,-70.131,0.3061,0.6116,0.8599
3843,36.13,-17.91,-6.34,114.657,20.108,-120.757,0.3390,0.5735,0.8531
3863,37.08,-19.14,-5.12,55.794,-58.556,61.243,0.3530,0.5192,0.7913
3883,35.93,-19.54,-1.06,-50.695,-20.625,202.991,0.3393,0.5240,0.8177
3903,36.46,-20.44,-0.51,33.451,-46.808,27.327,0.3593,0.5530,0.8462
3923,36.56,-21.22,1.44,9.321,-41.251,97.609,0.3819,0.5860,0.8555
3943,37.67,-23.16,0.32,65.550,-100.114,-55.979,0.4039,0.5575,0.8604
3963,36.70,-24.39,1.81,-33.061,-66.961,74.334,0.3902,0.4760,0.8547
3983,34.54,-25.43,2.50,-93.191,-60.839,34.373,0.3605,0.4261,0.8216
4003,31.77,-24.98,3.27,-130.695,10.169,38.884,0.3092,0.4228,0.7910
4023,32.54,-24.87,2.98,48.321,-8.030,-14.811,0.3193,0.4475,0.8461
4043,32.85,-27.18,2.67,28.802,-118.648,-15.345,0.4664,0.4346,0.8713
4063,35.70,-28.24,-0.78,163.489,-66.717,-172.414,0.3668,0.3954,0.8296
4083,37.12,-31.95,1.59,89.611,-196.091,118.602,0.4235,0.3965,0.7394
4103,38.33,-35.39,3.34,75.176,-178.961,87.563,0.5264,0.4366,0.7179
4123,39.33,-38.82,4.96,63.481,-185.762,80.556,0.5413,0.4720,0.7306
4143,40.71,-41.78,5.82,83.382,-167.968,43.418,0.5654,0.4970,0.7394
4163,41.92,-45.72,7.35,76.008,-219.266,76.060,0.6007,0.4838,0.7094
4183,42.85,-50.23,10.17,61.336,-253.350,141.304,0.6508,0.5074,0.7060
4203,43.97,-54.61,13.14,71.573,-253.350,148.579,0.6879,0.5251,0.7043
4223,44.34,-58.91,17.52,33.344,-253.350,218.998,0.7675,0.5425,0.7150
4243,42.48,-63.10,22.53,-77.229,-253.350,250.174,0.7488,0.4740,0.6818
4263,42.56,-67.30,26.27,19.160,-253.350,187.174,0.8646,0.4714,0.6681
4283,41.90,-71.46,28.35,-17.748,-253.350,104.227,0.8449,0.4099,0.5925
4303,41.61,-75.53,29.35,-1.549,-253.350,49.533,0.7857,0.3591,0.5052
4323,42.06,-79.60,29.75,33.809,-253.350,20.464,0.7982,0.3240,0.4369
4343,42.71,-83.67,29.49,41.817,-253.350,-13.078,0.7759,0.2833,0.3575
4363,43.11,-87.75,29.70,22.802,-253.350,10.098,0.7839,0.2514,0.2821
4383,43.59,-91.89,30.40,6.428,-253.350,35.334,0.7369,0.2180,0.1709
4403,44.79,-96.01,30.74,18.786,-253.350,16.800,0.7171,0.1924,0.0909
4423,47.06,-100.12,30.12,48.031,-253.350,-31.085,0.7189,0.1624,0.0333
4443,50.62,-104.09,29.66,56.031,-253.350,-22.689,0.6624,0.1362,-0.0472
4463,54.90,-107.46,29.77,22.939,-253.350,5.159,0.5204,0.1226,-0.1856
4483,59.62,-109.67,29.53,36.542,-221.190,-11.956,0.4496,0.1236,-0.2699
4503,64.93,-110.75,29.37,61.519,-192.419,-7.612,0.3779,0.1137,-0.3719
4523,70.55,-111.53,29.25,82.504,-200.251,-5.979,0.3182,0.1151,-0.4539
4543,76.72,-112.02,27.81,111.412,-202.739,-72.261,0.2639,0.0808,-0.5212
4563,81.67,-111.87,27.86,53.611,-182.724,2.747,0.2219,0.0536,-0.5946
4583,86.18,-111.70,28.39,40.840,-187.778,26.235,0.2016,0.0564,-0.6325
4603,90.64,-111.88,28.62,43.985,-217.426,11.624,0.1428,0.0420,-0.6845
4623,94.96,-111.47,28.71,43.015,-192.465,4.556,0.1150,0.0235,-0.7076
4643,99.39,-111.31,29.18,55.725,-218.663,23.144,0.0317,0.0158,-0.7357
4663,89.42,-110.34,29.33,61.596,-183.159,7.838,-0.0086,-0.0100,-0.7578
4683,94.60,-110.50,29.58,81.122,-243.350,12.266,-0.0344,0.0004,-0.7476
4703,85.49,-110.74,29.99,94.649,-253.350,20.464,-0.0645,-0.0177,-0.7398
4723,76.86,-110.32,30.78,95.451,-229.701,39.739,-0.1358,-0.0526,-0.7571
4743,68.65,-110.16,31.64,102.710,-253.350,43.021,-0.1950,-0.0274,-0.7165
4763,60.35,-109.77,32.75,73.832,-253.350,55.640,-0.2771,-0.0724,-0.7103
4783,52.23,-109.12,34.87,65.367,-253.350,105.983,-0.3633,-0.0713,-0.6779
4803,44.34,-108.31,36.75,54.901,-253.350,93.556,-0.4016,-0.0936,-0.6176
4823,36.56,-107.28,37.13,38.565,-253.350,19.434,-0.4652,-0.1126,-0.5632
4843,29.06,-106.07,37.02,31.328,-253.350,-5.719,-0.5389,-0.1326,-0.5281
4863,21.51,-104.66,37.28,5.000,-253.350,13.029,-0.6121,-0.1532,-0.4745
4883,13.66,-101.72,39.13,-26.343,-190.854,92.350,-0.7747,-0.1344,-0.4184
4903,7.68,-97.80,39.05,49.741,-136.220,-3.834,-0.8630,-0.1629,-0.4386
4923,1.57,-91.82,38.54,29.145,-27.885,-25.643,-0.9474,-0.1551,-0.4093
4943,-4.71,-85.52,38.23,4.664,-4.602,-15.589,-0.9436,-0.1478,-0.3564
4963,-10.91,-80.21,38.19,-11.756,-46.755,-1.902,-0.9342,-0.1509,-0.3116
4983,-16.75,-75.13,38.27,-5.885,-53.572,4.037,-0.9602,-0.1313,-0.2715
5003,-22.05,-69.44,38.10,12.909,-16.549,-8.200,-1.0105,-0.1127,-0.2454
5023,-26.99,-62.73,37.87,18.321,46.146,-11.887,-1.0687,-0.1130,-0.2346
5043,-31.64,-55.03,37.52,13.901,111.581,-17.566,-1.1512,-0.1409,-0.2450
5063,-37.14,-46.49,37.92,-45.366,171.688,20.090,-1.2259,-0.1659,-0.2590
5083,-42.75,-36.80,39.55,-53.824,246.917,81.670,-1.3420,-0.1437,-0.2643
5103,-48.17,-27.44,39.71,-50.939,246.917,7.747,-1.4321,-0.1278,-0.2606
5123,-52.18,-18.43,37.25,0.000,246.917,-122.811,-1.3264,-0.1307,-0.2119
5143,-56.58,-9.72,35.79,-21.580,246.917,-73.040,-1.1735,-0.0905,-0.1695
5163,-60.36,-1.72,35.52,17.473,233.406,-13.513,-1.0881,-0.0784,-0.2089
5183,-63.91,6.02,33.07,26.473,246.917,-122.467,-1.1102,-0.1060,-0.3200
5203,-68.09,13.37,30.78,-18.496,246.917,-114.666,-1.0054,-0.1188,-0.3204
5223,-71.59,20.31,29.65,23.985,246.917,-56.437,-0.8629,-0.0762,-0.3307
5243,-75.22,26.79,28.37,14.290,246.917,-64.093,-0.8341,-0.0769,-0.4051
5263,-78.48,32.76,26.74,24.412,246.917,-81.116,-0.7494,-0.0946,-0.4657
5283,-82.20,38.31,24.80,-7.885,246.917,-97.002,-0.7039,-0.1149,-0.5206
5303,-85.68,43.43,22.74,-1.908,246.917,-103.139,-0.5646,-0.1039,-0.5028
5323,-88.82,48.10,21.30,9.351,246.917,-71.780,-0.4669,-0.1032,-0.5134
5343,-91.71,52.29,20.08,16.489,246.917,-61.421,-0.3708,-0.1033,-0.5317
5363,-94.69,55.99,19.06,3.015,246.917,-50.971,-0.2733,-0.1179,-0.5427
5383,-97.57,59.26,17.50,0.909,246.917,-78.078,-0.1891,-0.1209,-0.5284
5403,-99.95,61.97,16.19,25.000,246.917,-65.139,-0.0738,-0.0921,-0.4806
5423,-102.27,64.22,15.00,20.840,246.917,-59.757,0.0022,-0.1000,-0.4609
5443,-104.71,65.98,13.39,9.451,246.917,-80.406,0.0785,-0.0882,-0.4141
5463,-106.98,67.32,11.24,17.397,246.917,-107.543,0.1173,-0.0603,-0.3351
5483,-109.26,67.84,8.46,9.741,246.917,-139.078,0.1977,-0.0502,-0.2479
5503,-111.77,67.40,4.21,-24.229,246.917,-212.589,0.2896,-0.0522,-0.1467
5523,-111.58,65.99,-0.40,-57.481,246.917,-230.322,0.3880,-0.0240,0.0045
5543,-108.33,65.08,-5.37,-65.985,246.917,-248.215,0.5066,0.0033,0.1331
5563,-105.26,64.54,-9.29,-91.946,246.917,-196.063,0.6496,0.0601,0.2706
5583,-101.60,64.18,-12.16,-72.389,246.917,-143.482,0.7715,0.1403,0.3669
5603,-97.72,62.22,-13.48,-58.542,156.848,-66.330,0.8518,0.1954,0.4495
5623,-93.25,59.75,-13.89,-23.717,118.451,-20.322,0.9105,0.2584,0.5442
5643,-88.36,57.17,-14.26,7.741,102.986,-18.750,0.9294,0.2880,0.6072
5663,-83.57,53.77,-14.65,12.985,54.451,-19.292,0.9658,0.2983,0.6360
5683,-78.90,48.69,-15.03,21.008,-40.289,-19.169,0.9737,0.2787,0.6572
5703,-74.54,43.46,-14.70,11.000,-61.220,16.800,1.0093,0.3247,0.6944
5723,-69.63,36.84,-13.54,44.313,-145.480,57.808,1.0632,0.3710,0.7359
5743,-64.43,28.88,-12.00,70.534,-230.602,76.998,1.0928,0.3908,0.7796
5763,-59.31,20.86,-10.00,78.420,-253.350,100.235,1.0814,0.3954,0.8134
5783,-54.65,13.16,-8.14,66.916,-253.350,93.067,1.0980,0.3883,0.8325
5803,-50.53,5.69,-5.78,51.710,-253.350,117.663,1.1147,0.3504,0.8037
5823,-47.37,-1.54,-3.48,13.176,-253.350,114.953,1.1316,0.3167,0.7750
5843,-44.70,-8.52,-1.44,-1.817,-253.350,101.998,1.1147,0.2729,0.7444
5863,-41.72,-15.23,-0.55,20.420,-253.350,44.556,1.0628,0.2600,0.7105
5883,-38.59,-21.67,-0.07,32.550,-253.350,24.357,1.0254,0.2578,0.6780
5903,-34.72,-27.90,0.51,75.939,-253.350,28.663,1.0030,0.2524,0.6345
5923,-31.64,-34.03,1.13,48.489,-253.350,31.281,0.9433,0.1813,0.5226
5943,-30.04,-40.03,0.23,-19.519,-253.350,-45.421,0.8135,0.1301,0.4067
5963,-27.50,-45.75,0.13,21.244,-253.350,-4.635,0.7036,0.1508,0.3526
5983,-23.48,-51.21,0.48,89.557,-253.350,17.365,0.5723,0.1613,0.2789
6003,-18.79,-56.54,1.70,114.611,-253.350,61.227,0.4158,0.1332,0.1654
6023,-12.84,-61.85,2.64,97.191,-253.350,46.693,0.2815,0.1146,0.0136
6043,-5.68,-66.51,3.55,77.008,-253.350,45.525,0.1784,0.0909,-0.0739
6063,2.16,-69.92,4.78,81.519,-253.350,61.357,0.0880,0.0724,-0.1326
6083,9.97,-72.22,6.25,75.428,-253.350,73.769,0.0188,0.0619,-0.1796
6103,3.24,-73.66,8.85,38.748,-253.350,130.029,-0.1071,-0.0247,-0.4512
6123,8.59,-73.59,8.60,49.680,-253.350,-12.719,-0.3015,0.2342,-0.1008
6143,14.47,-72.57,9.38,39.893,-253.350,39.052,-0.4614,0.0955,-0.1000
6163,22.47,-71.48,10.80,104.473,-253.350,71.159,-0.5435,0.0351,-0.1260
6183,15.87,-69.94,9.94,75.046,-222.091,-43.162,-0.7620,-0.0054,-0.2244
6203,10.27,-66.97,7.78,71.298,-147.564,-107.887,-0.8311,-0.0819,-0.2072
6223,3.50,-62.02,8.03,29.138,-37.801,12.640,-1.0065,-0.0332,-0.2687
6243,-3.03,-57.28,6.84,22.817,-38.633,-59.696,-1.0181,-0.0445,-0.2683
6263,-9.27,-52.08,5.85,21.038,-4.610,-49.368,-1.0693,-0.0539,-0.2797
6283,-14.92,-46.80,4.71,19.763,8.016,-57.261,-1.1126,-0.0947,-0.2614
6303,-20.40,-40.53,4.54,30.367,71.902,-8.154,-1.1903,-0.0727,-0.3001
6323,-25.73,-32.94,5.34,26.794,152.367,39.609,-1.2476,-0.0713,-0.2998
6343,-30.70,-25.56,5.87,20.183,157.940,26.617,-1.2163,-0.1081,-0.2906
6363,-35.54,-17.98,5.55,19.756,184.383,-16.139,-1.2020,-0.0998,-0.2927
6383,-40.22,-9.99,6.90,29.138,223.207,67.663,-1.2992,-0.0834,-0.3521
6403,-44.68,-1.88,6.83,33.710,246.917,-3.360,-1.3241,-0.0787,-0.3623
6423,-48.94,5.94,6.54,30.107,246.917,-14.689,-1.2559,-0.0819,-0.3234
6443,-52.92,13.46,5.77,42.970,246.917,-38.307,-1.2466,-0.0629,-0.3201
6463,-56.51,20.67,3.58,52.970,246.917,-109.788,-1.2335,-0.0659,-0.3162
6483,-60.39,27.62,1.60,30.664,246.917,-98.765,-1.1294,-0.0595,-0.2818
6503,-64.39,34.32,-1.23,6.038,246.917,-141.490,-1.0710,-0.0725,-0.2448
6523,-66.92,40.94,-4.41,1.199,246.917,-159.108,-0.8742,-0.1049,-0.0826
6543,-63.49,47.37,-9.41,135.680,246.917,-250.093,-0.7322,-0.0621,0.0597
6563,-66.40,52.98,-14.41,-250.359,246.917,-250.093,-0.7009,-0.0753,0.2591
6583,-65.13,57.38,-19.42,-106.420,246.917,-250.093,-0.4079,0.1165,0.3962
6603,-62.08,60.57,-20.76,-23.855,246.917,-66.979,-0.1195,0.1376,0.3305
6623,-60.11,63.12,-20.91,-87.893,246.917,-7.864,-0.0301,0.1439,0.2568
6643,-60.13,64.17,-16.15,-160.580,246.917,237.960,0.1899,0.0978,0.3266
6663,-56.74,64.68,-16.13,-4.114,246.917,1.037,0.3315,0.1664,0.3335
6683,-53.80,64.81,-17.11,-17.168,246.917,-48.620,0.4617,0.1611,0.3441
6703,-51.11,64.22,-18.50,-8.611,220.726,-69.742,0.5251,0.1065,0.3396
6723,-48.14,64.13,-21.62,6.603,246.917,-155.719,0.6303,0.1427,0.3911
6743,-45.61,62.37,-21.16,-13.366,162.299,22.518,0.7536,0.1751,0.4437
6763,-42.55,60.47,-21.60,18.901,154.146,-21.505,0.8270,0.1839,0.4593
6783,-39.93,57.48,-21.47,1.771,97.322,6.426,0.9572,0.1983,0.4884
6803,-37.13,51.63,-21.55,16.878,-52.037,-4.147,1.0967,0.2019,0.5027
6823,-34.81,44.15,-20.12,-1.008,-149.572,71.281,1.1477,0.2084,0.5282
6843,-31.98,36.57,-19.06,28.237,-172.686,53.411,1.1784,0.2333,0.5723
6863,-29.44,27.98,-17.13,24.473,-240.862,96.426,1.1669,0.2052,0.5670
6883,-27.58,19.67,-15.75,-1.672,-242.495,68.953,1.1326,0.1730,0.5409
6903,-26.33,11.60,-15.78,-16.160,-247.533,-1.826,1.0967,0.1108,0.5451
6923,-23.17,3.79,-19.15,81.076,-253.350,-168.223,1.1454,0.1447,0.5865
6943,-22.99,-3.84,-20.61,-40.862,-253.350,-72.895,1.0461,0.0078,0.4826
6963,-22.03,-9.06,-21.35,-14.221,-141.572,-37.032,0.9847,0.0584,0.4232
6983,-20.97,-16.43,-22.12,-9.962,-253.350,-38.536,0.9700,0.0516,0.3192
7003,-18.00,-22.90,-27.12,54.153,-213.869,-250.093,0.9025,0.1066,0.2062
7023,-14.20,-26.59,-24.62,-11.450,-71.297,124.884,0.8729,0.1400,0.0186
7043,-9.80,-31.77,-25.93,62.611,-155.159,-65.200,0.9567,0.1267,0.0572
7063,-5.40,-38.65,-27.12,34.573,-253.350,-59.482,0.9442,0.1294,0.0143
7083,0.25,-43.21,-27.54,32.550,-148.877,-21.047,0.9124,0.1213,-0.0707
7103,6.34,-48.39,-28.57,66.939,-197.014,-51.795,0.9420,0.1703,-0.0997
7123,12.80,-54.33,-30.19,92.832,-253.350,-80.803,0.9338,0.2062,-0.1353
7143,19.05,-60.01,-31.64,76.160,-253.350,-72.750,0.8838,0.1772,-0.1622
7163,26.46,-65.34,-34.50,136.122,-253.350,-143.024,0.8168,0.1770,-0.2039
7183,34.03,-70.31,-36.20,153.237,-253.350,-84.841,0.7252,0.1802,-0.2324
7203,42.19,-75.00,-37.50,190.931,-253.350,-64.711,0.6406,0.1602,-0.2394
7223,51.58,-79.25,-38.58,249.909,-253.350,-54.406,0.5257,0.1194,-0.2816
7243,60.99,-82.51,-39.89,242.672,-253.350,-65.078,0.3152,0.0655,-0.3818
7263,53.51,-84.37,-40.08,108.367,-253.350,-9.711,0.0696,-0.0200,-0.5394
7283,44.71,-80.46,-40.23,13.985,6.551,-7.696,-0.1257,-0.0810,-0.6851
7303,36.07,-76.01,-40.45,1.153,44.085,-11.047,-0.1189,-0.1007,-0.7053
7323,28.18,-74.56,-40.58,23.733,-100.167,-6.108,-0.1044,-0.0899,-0.6943
7343,21.01,-72.37,-40.81,46.924,-70.572,-11.673,-0.1765,-0.0802,-0.7025
7363,14.53,-70.53,-41.08,63.359,-89.472,-13.658,-0.1971,-0.0987,-0.6591
7383,7.90,-70.60,-40.21,43.008,-199.083,43.479,-0.3164,-0.1048,-0.7281
7403,0.84,-65.81,-38.98,2.138,43.932,61.609,-0.4389,-0.1479,-0.8063
7423,-6.27,-61.47,-38.32,-19.267,38.375,32.998,-0.3731,-0.1761,-0.8088
7443,-12.87,-59.61,-37.69,-8.649,-83.900,31.769,-0.4044,-0.1903,-0.8380
7463,-20.20,-53.84,-37.47,-65.954,119.268,10.892,-0.4692,-0.2459,-0.8712
7483,-27.74,-49.18,-37.85,-88.023,77.230,-19.208,-0.4527,-0.2198,-0.9158
7503,-34.97,-43.07,-38.03,-89.076,157.749,-9.070,-0.5144,-0.2407,-0.9483
7523,-41.91,-35.69,-38.42,-85.160,236.612,-19.246,-0.5020,-0.2043,-0.9215
7543,-49.07,-29.64,-39.10,-109.549,187.467,-33.856,-0.4355,-0.1829,-0.8983
7563,-55.81,-24.74,-40.02,-100.969,146.970,-46.009,-0.3720,-0.1712,-0.8833
7583,-61.81,-20.93,-40.76,-74.359,105.474,-37.047,-0.3154,-0.1498,-0.8586
7603,-67.40,-18.40,-41.68,-63.099,51.474,-46.032,-0.2694,-0.1283,-0.8456
7623,-73.13,-16.34,-42.46,-79.954,33.276,-39.284,-0.2584,-0.1125,-0.8303
7643,-77.18,-13.72,-41.78,9.985,74.848,33.953,-0.1965,-0.0123,-0.8352
7663,-67.50,-13.33,-42.07,-29.015,-29.335,-14.391,-0.1498,0.0166,-0.8293
7683,-58.79,-12.04,-41.34,-58.710,18.115,36.594,-0.1507,0.0255,-0.8341
7703,-50.53,-11.04,-40.52,-62.473,7.886,41.128,-0.1354,0.0340,-0.8448
7723,-42.65,-10.70,-39.40,-62.091,-23.602,55.976,-0.1338,0.0555,-0.8615
7743,-35.01,-10.92,-38.49,-54.985,-50.312,45.525,-0.1223,0.0794,-0.8774
7763,-27.62,-10.80,-37.16,-48.672,-31.778,66.495,-0.1123,0.1062,-0.8675
7783,-20.01,-13.21,-38.37,-20.130,-151.434,-60.696,-0.0253,0.1156,-0.8533
7803,-12.23,-16.80,-41.25,8.023,-220.129,-143.666,-0.0402,0.1446,-0.8767
7823,-5.33,-17.60,-42.00,-17.588,-90.732,-37.856,-0.1114,0.1802,-0.9187
7843,0.62,-16.31,-40.78,-51.962,13.421,61.052,-0.1422,0.1987,-0.9461
7863,5.83,-14.86,-39.40,-75.504,21.688,68.823,-0.1664,0.2172,-0.9670
7883,10.60,-12.81,-37.59,-87.549,53.039,90.777,-0.1876,0.2234,-0.9627
7903,16.49,-13.11,-37.83,-18.679,-65.052,-11.902,-0.1882,0.2182,-0.9343
7923,22.38,-12.74,-37.63,-4.977,-35.289,10.090,-0.2292,0.2386,-0.9595
7943,27.88,-12.09,-37.38,-11.091,-19.121,12.266,-0.2277,0.2565,-0.9766
7963,33.23,-11.31,-37.42,-6.817,-12.320,-1.956,-0.2422,0.2674,-0.9843
7983,38.32,-10.36,-37.29,-6.954,-3.938,6.686,-0.2657,0.2871,-1.0036
8003,43.36,-9.93,-37.49,2.603,-30.480,-10.009,-0.2821,0.3087,-1.0154
8023,48.36,-9.70,-37.71,13.267,-41.442,-11.284,-0.3105,0.3411,-1.0351
8043,53.28,-9.79,-37.92,23.802,-60.205,-10.482,-0.3402,0.3838,-1.0574
8063,58.41,-9.55,-38.01,47.023,-44.419,-4.551,-0.3611,0.4130,-1.0750
8083,63.83,-8.65,-38.93,72.382,-10.732,-45.918,-0.3791,0.4141,-1.0814
8103,69.92,-7.61,-38.68,117.512,-1.640,12.518,-0.3749,0.3940,-1.0673
8123,75.88,-6.21,-38.72,123.351,18.406,-2.139,-0.3768,0.3879,-1.0458
8143,81.98,-3.69,-38.91,142.115,79.177,-9.360,-0.3730,0.3723,-1.0411
8163,87.54,-0.06,-36.70,122.931,143.657,110.380,-0.3598,0.3370,-1.0386
8183,92.83,4.77,-34.93,113.168,210.970,88.670,-0.3589,0.2590,-0.9906
8203,96.97,9.57,-33.04,57.794,221.596,94.418,-0.3168,0.1878,-0.9350
8223,100.70,12.76,-31.51,40.817,154.818,76.708,-0.2467,0.1488,-0.9031
8243,104.07,13.66,-30.40,28.489,49.024,55.479,-0.1754,0.1287,-0.8418
8263,108.48,13.18,-28.69,91.183,-19.343,85.342,-0.1587,0.1340,-0.8073
8283,113.48,12.60,-27.06,128.832,-28.610,81.747,-0.1760,0.1148,-0.7834
8303,118.74,12.41,-25.39,151.061,-6.648,83.098,-0.1450,0.0976,-0.7349
8323,124.57,10.28,-23.38,187.153,-100.572,100.762,-0.0921,0.0695,-0.7194
8343,130.08,8.53,-22.18,173.260,-82.923,59.892,-0.0820,0.0095,-0.7269
8363,120.92,6.28,-21.24,164.496,-102.274,47.044,-0.0165,-0.0264,-0.6874
8383,113.59,3.01,-19.70,244.145,-158.625,76.808,-0.0057,-0.0035,-0.5892
8403,105.03,0.32,-18.57,131.809,-150.083,56.441,-0.0956,-0.1974,-0.6684
8423,94.96,1.05,-18.68,22.527,5.497,-5.162,-0.2705,-0.3566,-0.8681
8443,84.71,3.61,-19.56,-11.450,102.543,-44.223,-0.2933,-0.4284,-0.9554
8463,73.93,3.42,-19.37,-63.252,-34.801,9.632,-0.3047,-0.4760,-0.9874
8483,63.27,5.40,-20.10,-81.259,69.879,-36.765,-0.3921,-0.4927,-0.9976
8503,52.51,8.80,-21.73,-108.458,147.238,-81.292,-0.4009,-0.4983,-0.9978
8523,42.07,12.22,-22.92,-112.695,155.314,-59.521,-0.4028,-0.4828,-1.0171
8543,31.38,17.03,-24.24,-146.389,233.757,-66.131,-0.4273,-0.4888,-1.0430
8563,20.12,21.93,-26.24,-197.824,246.917,-100.055,-0.4278,-0.4686,-1.0097
8583,10.27,26.56,-27.97,-143.153,246.917,-86.154,-0.3384,-0.3774,-0.9040
8603,1.31,30.88,-28.99,-113.382,246.917,-51.200,-0.2555,-0.3105,-0.8297
8623,-6.87,34.89,-30.12,-84.687,246.917,-56.215,-0.1868,-0.2494,-0.7889
8643,-14.65,38.61,-30.50,-77.588,246.917,-18.971,-0.1316,-0.2187,-0.7628
8663,-22.60,42.29,-28.54,-86.008,246.917,97.556,-0.1474,-0.0942,-0.6923
8683,-28.06,45.82,-26.31,25.054,246.917,111.769,-0.1246,-0.0912,-0.5788
8703,-31.71,48.58,-25.66,110.573,246.917,32.365,0.0360,-0.0759,-0.5755
8723,-23.34,50.31,-26.32,-4.641,246.917,-32.979,0.2561,0.0026,-0.5091
8743,-15.74,51.25,-26.33,-26.824,246.917,-0.444,0.4133,0.0017,-0.4182
8763,-22.15,51.46,-26.24,7.512,241.039,4.563,0.5677,-0.0024,-0.3380
8783,-27.87,50.27,-26.07,25.886,188.299,8.243,0.7452,-0.0120,-0.2883
8803,-33.33,46.59,-25.69,17.092,62.329,19.296,0.9128,-0.0391,-0.3006
8823,-38.94,42.26,-26.22,-11.000,20.444,-26.460,0.9924,-0.0669,-0.3251
8843,-44.42,37.51,-27.47,-18.359,-5.457,-62.689,1.0744,-0.0694,-0.3053
8863,-50.10,31.30,-28.25,-39.099,-84.747,-38.818,1.1739,-0.0572,-0.2614
8883,-55.18,22.74,-28.18,-9.366,-212.930,3.373,1.2327,-0.0265,-0.2053
8903,-60.02,14.02,-27.87,-9.908,-235.930,15.434,1.2190,-0.0261,-0.1704
8923,-64.57,5.27,-27.77,1.489,-253.350,5.266,1.2222,-0.0138,-0.1442
8943,-54.44,-3.20,-28.07,22.809,-253.350,-15.368,1.1867,0.0041,-0.1110
8963,-59.09,-11.29,-28.52,17.160,-253.350,-22.574,1.1363,-0.0019,-0.1184
8983,-62.66,-19.09,-29.32,48.367,-253.350,-39.643,1.1382,-0.0157,-0.1059
9003,-64.72,-26.58,-29.91,98.634,-253.350,-29.452,1.0902,-0.0318,-0.0951
9023,-66.71,-33.85,-30.05,100.473,-253.350,-7.101,0.9904,-0.0171,-0.0549
9043,-67.24,-40.71,-30.14,144.588,-253.350,-4.719,0.8129,-0.0448,-0.0755
9063,-68.49,-46.90,-31.37,120.832,-253.350,-61.208,0.6403,-0.0745,-0.1716
9083,-69.54,-52.35,-30.80,139.031,-253.350,28.304,0.5084,-0.0877,-0.2595
9103,-70.27,-57.17,-29.49,150.145,-253.350,65.701,0.3072,-0.0845,-0.2318
9123,-71.81,-60.76,-29.48,92.527,-253.350,0.487,0.1652,-0.1579,-0.3128
9143,-74.61,-62.67,-29.64,23.817,-253.350,-8.307,-0.1039,-0.1996,-0.3948
9163,-78.34,-59.75,-28.87,-19.160,-47.510,38.915,-0.3883,-0.2171,-0.5540
9183,-82.36,-50.82,-29.79,-47.710,246.917,-45.994,-0.6301,-0.2580,-0.5770
9203,-86.34,-42.37,-30.48,-74.488,246.917,-34.658,-0.4930,-0.3070,-0.4565
9223,-91.33,-36.48,-31.55,-141.534,173.367,-53.398,-0.1912,-0.2868,-0.3853
9243,-95.62,-32.50,-30.63,-104.198,60.703,45.594,-0.3604,-0.2794,-0.4574
9263,-100.04,-24.80,-31.70,-110.656,246.917,-53.101,-0.5003,-0.2563,-0.5038
9283,-104.26,-17.48,-31.82,-110.023,246.917,-6.223,-0.4128,-0.2293,-0.4451
9303,-108.05,-10.35,-31.13,-89.046,246.917,34.777,-0.4073,-0.1802,-0.4071
9323,-111.00,-4.07,-31.62,-61.641,246.917,-24.849,-0.1982,-0.1734,-0.3283
9343,-113.11,0.71,-30.46,-24.366,246.917,58.281,0.0174,-0.1524,-0.2882
9363,-116.54,4.68,-31.78,-99.511,246.917,-66.169,0.1220,-0.1733,-0.3147
9383,-120.50,7.29,-34.02,-116.908,246.917,-112.238,0.3503,-0.1095,-0.2897
9403,-123.46,7.97,-35.88,-55.855,188.864,-92.643,0.5897,-0.0546,-0.2532
9423,-126.64,6.35,-36.54,-68.160,78.825,-32.948,0.8012,-0.0485,-0.2814
9443,-117.02,2.29,-35.35,-107.389,-40.327,59.197,0.9778,0.0616,-0.2370
9463,-101.94,-5.52,-36.41,214.733,-253.350,-53.070,1.0634,0.1418,-0.3313
9483,-89.07,-12.76,-36.79,93.947,-253.350,-18.788,0.9329,0.0404,-0.4376
9503,-93.97,-13.46,-39.56,-87.450,45.131,-138.421,0.7581,-0.1069,-0.5849
9523,-101.31,-15.46,-44.56,-216.565,-20.785,-250.093,0.6752,-0.0562,-0.4949
9543,-91.68,-15.97,-43.26,-27.534,59.619,64.968,0.5491,0.1640,-0.3186
9563,-82.68,-13.19,-43.28,-76.641,209.719,-0.750,0.5238,0.0841,-0.4810
9583,-74.69,-11.06,-47.32,-87.168,183.810,-202.330,0.5004,0.1615,-0.4172
9603,-66.88,-7.85,-46.95,-70.939,246.917,18.739,0.5054,0.1864,-0.3928
9623,-59.93,-4.95,-49.53,-92.916,246.917,-129.040,0.5487,0.1895,-0.3504
9643,-53.55,-2.44,-51.75,-83.534,242.459,-111.261,0.5846,0.2324,-0.2725
9663,-48.78,-0.12,-53.03,-129.855,246.917,-63.979,0.6425,0.2583,-0.2031
9683,-44.37,1.31,-55.41,-107.443,208.558,-119.078,0.6960,0.3037,-0.1290
9703,-41.03,2.52,-56.63,-127.214,199.642,-60.605,0.7487,0.3572,-0.0634
9723,-37.72,2.88,-58.18,-102.450,153.932,-77.467,0.7974,0.4151,-0.0080
9743,-34.54,2.74,-59.07,-90.397,124.596,-44.650,0.8386,0.4774,0.0408
9763,-31.11,1.96,-59.80,-63.130,86.001,-36.734,0.8744,0.5355,0.0807
9783,-27.40,0.61,-60.11,-36.130,51.535,-15.223,0.9025,0.5870,0.1150
9803,-23.38,-1.29,-60.16,-7.931,17.032,-2.673,0.9231,0.6275,0.1459
9823,-19.14,-3.67,-59.91,15.527,-13.739,12.655,0.9356,0.6548,0.1734
9843,-14.80,-6.42,-59.43,32.985,-39.419,23.884,0.9397,0.6679,0.1975
9863,-10.49,-9.42,-58.77,43.664,-59.365,32.915,0.9358,0.6689,0.2171
9883,-6.28,-12.57,-58.10,50.260,-73.167,33.670,0.9234,0.6592,0.2300
9903,-2.32,-15.65,-57.39,47.603,-76.648,35.624,0.9039,0.6419,0.2359
9923,1.36,-18.55,-56.78,42.611,-73.259,30.457,0.8792,0.6204,0.2344
9943,4.74,-21.10,-56.27,34.031,-60.946,25.342,0.8506,0.5976,0.2242
9963,7.80,-23.22,-55.93,23.496,-42.907,17.075,0.8211,0.5748,0.2104
9983,10.55,-24.82,-55.76,11.840,-20.678,8.495,0.7937,0.5550,0.1932
10003,12.99,-25.92,-55.77,0.000,3.184,-0.597,0.7694,0.5369,0.1779
10023,15.14,-26.54,-55.94,-11.809,26.123,-8.612,0.7517,0.5217,0.1665
10043,17.00,-26.77,-56.27,-22.588,45.413,-16.368,0.7408,0.5115,0.1610
10063,18.59,-26.71,-56.70,-32.214,59.864,-21.353,0.7358,0.5065,0.1626
10083,19.96,-26.47,-57.20,-39.069,69.589,-25.276,0.7374,0.5067,0.1687
10103,21.16,-26.15,-57.73,-43.267,73.696,-26.124,0.7439,0.5129,0.1786
10123,22.27,-25.85,-58.24,-43.481,72.558,-25.460,0.7535,0.5240,0.1920
10143,23.36,-25.65,-58.69,-40.427,67.093,-22.582,0.7662,0.5388,0.2083
10163,24.49,-25.63,-59.08,-34.008,56.871,-19.467,0.7804,0.5563,0.2255
10183,25.69,-25.83,-59.36,-26.259,44.459,-14.284,0.7946,0.5734,0.2426
10203,26.98,-26.28,-59.54,-17.137,29.993,-8.780,0.8076,0.5886,0.2590
10223,28.37,-26.97,-59.59,-8.015,15.337,-2.849,0.8182,0.6008,0.2753
10243,29.82,-27.89,-59.54,0.000,1.688,2.640,0.8254,0.6091,0.2890
10263,31.31,-28.99,-59.40,6.565,-10.343,7.136,0.8284,0.6143,0.2997
10283,32.82,-30.22,-59.19,11.680,-19.739,10.602,0.8273,0.6159,0.3083
10303,34.30,-31.50,-58.94,14.466,-25.144,12.380,0.8222,0.6140,0.3138
10323,35.73,-32.74,-58.68,15.687,-26.472,12.754,0.8146,0.6085,0.3155
10343,37.09,-33.91,-58.45,15.099,-24.953,11.861,0.8042,0.6010,0.3145
10363,38.33,-34.94,-58.26,12.214,-20.388,9.510,0.7933,0.5915,0.3120
10383,39.44,-35.79,-58.12,8.237,-13.274,6.899,0.7820,0.5816,0.3079
10403,40.41,-36.44,-58.05,3.313,-4.457,3.289,0.7711,0.5722,0.3031
10423,41.24,-36.90,-58.05,-1.603,4.528,0.000,0.7614,0.5644,0.2998
10443,41.94,-37.18,-58.13,-6.649,12.719,-3.834,0.7542,0.5581,0.2983
10463,42.52,-37.30,-58.27,-10.954,20.482,-6.887,0.7500,0.5530,0.2973
10483,43.00,-37.31,-58.42,-14.817,26.207,-7.589,0.7481,0.5511,0.2978
10503,43.40,-37.25,-58.62,-17.069,29.169,-9.864,0.7482,0.5518,0.3015
10523,43.76,-37.17,-58.81,-18.290,30.734,-9.727,0.7504,0.5546,0.3066
10543,44.10,-37.10,-59.01,-17.748,29.696,-9.979,0.7539,0.5587,0.3125
10563,44.45,-37.07,-59.17,-15.778,27.100,-8.147,0.7581,0.5649,0.3198
10583,44.83,-37.12,-59.31,-12.992,22.459,-6.971,0.7633,0.5709,0.3268
10603,45.26,-37.27,-59.40,-9.382,17.314,-4.467,0.7683,0.5768,0.3344
10623,45.72,-37.55,-59.45,-5.649,9.627,-2.612,0.7729,0.5817,0.3431
10643,46.20,-37.89,-59.47,-2.443,5.184,-0.559,0.7754,0.5852,0.3504
10663,46.71,-38.32,-59.44,0.367,-0.266,1.510,0.7764,0.5870,0.3565
10683,47.22,-38.80,-59.36,2.107,-4.083,3.838,0.7764,0.5879,0.3618
10703,47.73,-39.32,-59.27,3.809,-7.014,4.235,0.7748,0.5868,0.3646
10723,48.22,-39.83,-59.18,4.473,-8.259,4.915,0.7712,0.5844,0.3661
10743,48.70,-40.31,-59.08,4.657,-7.984,4.647,0.7668,0.5815,0.3660
10763,49.13,-40.74,-59.01,3.962,-5.984,3.800,0.7619,0.5780,0.3651
10783,49.52,-41.10,-58.96,2.389,-3.617,2.449,0.7569,0.5743,0.3642
10803,49.85,-41.38,-58.93,0.504,0.000,1.640,0.7522,0.5700,0.3634
10823,50.12,-41.58,-58.93,-1.687,3.352,0.000,0.7479,0.5666,0.3628
10843,50.33,-41.70,-58.95,-3.924,7.093,-1.360,0.7440,0.5640,0.3623
10863,50.48,-41.75,-59.00,-5.946,10.360,-2.269,0.7417,0.5615,0.3632
10883,50.62,-41.76,-59.07,-6.633,12.803,-3.543,0.7403,0.5601,0.3638
10903,50.72,-41.73,-59.14,-7.771,14.047,-3.650,0.7408,0.5608,0.3664
10923,50.80,-41.70,-59.24,-8.267,14.253,-4.971,0.7415,0.5614,0.3684
10943,50.87,-41.67,-59.32,-8.404,14.138,-3.826,0.7424,0.5628,0.3722
10963,50.94,-41.67,-59.40,-7.488,12.314,-4.322,0.7438,0.5653,0.3761
10983,51.03,-41.69,-59.46,-6.351,11.077,-2.887,0.7456,0.5677,0.3811
11003,51.14,-41.75,-59.51,-4.649,8.902,-2.368,0.7464,0.5704,0.3852
11023,51.27,-41.84,-59.53,-2.870,6.741,-1.017,0.7479,0.5728,0.3881
11043,51.42,-41.97,-59.53,-1.206,4.024,-0.253,0.7481,0.5729,0.3924
11063,51.57,-42.13,-59.52,-0.702,2.268,0.586,0.7479,0.5743,0.3949
11083,51.72,-42.31,-59.50,0.290,0.428,1.350,0.7474,0.5745,0.3984
11103,51.87,-42.52,-59.47,0.832,-1.121,1.174,0.7462,0.5736,0.4000
11123,52.01,-42.71,-59.43,0.466,-1.304,2.166,0.7447,0.5726,0.4012
11143,52.13,-42.89,-59.40,0.466,-1.075,1.327,0.7431,0.5710,0.4030
11163,52.24,-43.05,-59.37,0.359,-0.465,1.495,0.7404,0.5695,0.4039
11183,52.32,-43.18,-59.36,-0.290,0.894,0.678,0.7378,0.5684,0.4045
11203,52.38,-43.27,-59.35,-1.229,2.406,0.426,0.7354,0.5669,0.4055
11223,52.43,-43.33,-59.36,-1.656,3.642,-0.330,0.7332,0.5653,0.4070
11243,52.44,-43.35,-59.38,-2.687,5.390,-0.963,0.7316,0.5639,0.4078
