Tout,Bottom,Mid,top,elbow,wrist
0,0,0,0,0,0
0.02,6.36E-14,-3.18E-14,0,-3.18E-14,0
0.04,5.09E-14,-1.91E-14,0,-1.91E-14,0
0.06,7.63E-14,-2.54E-14,0,-2.54E-14,0
0.08,7.63E-14,-2.54E-14,0,-2.54E-14,0
0.1,6.36E-14,-2.54E-14,0,-2.54E-14,0
0.12,3.82E-14,-6.36E-14,0,-6.36E-14,0
0.14,5.09E-14,0,0,0,0
0.16,5.09E-14,-5.72E-14,0,-5.72E-14,0
0.18,2.54E-14,-1.27E-14,0,-1.27E-14,0
0.2,5.09E-14,-1.27E-14,0,-1.27E-14,0
0.22,3.82E-14,-1.27E-14,0,-1.27E-14,0
0.24,7.63E-14,-1.91E-14,0,-1.91E-14,0
0.26,3.82E-14,-1.27E-14,0,-1.27E-14,0
0.28,5.09E-14,-2.54E-14,2.54E-14,-2.54E-14,2.54E-14
0.3,5.09E-14,-3.82E-14,0,-3.82E-14,0
0.32,5.09E-14,0,0,0,0
0.34,7.63E-14,-5.72E-14,0,-5.72E-14,0
0.36,5.09E-14,-3.82E-14,0,-3.82E-14,0
0.38,7.63E-14,-3.82E-14,2.54E-14,-3.82E-14,2.54E-14
0.4,3.82E-14,-6.36E-15,2.54E-14,-6.36E-15,2.54E-14
0.42,5.09E-14,-5.09E-14,2.54E-14,-5.09E-14,2.54E-14
0.44,5.09E-14,-5.09E-14,0,-5.09E-14,0
0.46,2.54E-14,0,0,0,0
0.48,5.09E-14,-2.54E-14,-2.54E-14,-2.54E-14,-2.54E-14
0.5,5.09E-14,0,0,0,0
0.52,1.27E-14,1.27E-14,0,1.27E-14,0
0.54,7.63E-14,-3.18E-14,0,-3.18E-14,0
0.56,5.09E-14,0,0,0,0
0.58,5.09E-14,-2.54E-14,0,-2.54E-14,0
0.6,1.27E-14,0,-2.54E-14,0,-2.54E-14
0.62,6.36E-14,-3.18E-14,2.54E-14,-3.18E-14,2.54E-14
0.64,3.82E-14,0,2.54E-14,0,2.54E-14
0.66,3.82E-14,-5.09E-14,0,-5.09E-14,0
0.68,6.36E-14,-1.91E-14,-2.54E-14,-1.91E-14,-2.54E-14
0.7,5.09E-14,-2.54E-14,0,-2.54E-14,0
0.72,3.82E-14,-1.27E-14,-2.54E-14,-1.27E-14,-2.54E-14
0.74,3.82E-14,0,0,0,0
0.76,2.54E-14,-1.91E-14,0,-1.91E-14,0
0.78,5.09E-14,-1.27E-14,0,-1.27E-14,0
0.8,3.82E-14,-6.36E-15,-2.54E-14,-6.36E-15,-2.54E-14
0.82,6.36E-14,-4.45E-14,2.54E-14,-4.45E-14,2.54E-14
0.84,5.09E-14,-1.91E-14,0,-1.91E-14,0
0.86,2.54E-14,0,-2.54E-14,0,-2.54E-14
0.88,3.82E-14,6.36E-15,0,6.36E-15,0
0.9,3.82E-14,-1.27E-14,2.54E-14,-1.27E-14,2.54E-14
0.92,6.36E-14,-1.27E-14,0,-1.27E-14,0
0.94,5.09E-14,0,-5.09E-14,0,-5.09E-14
0.96,5.09E-14,-1.27E-14,-2.54E-14,-1.27E-14,-2.54E-14
0.98,3.82E-14,6.36E-15,-2.54E-14,6.36E-15,-2.54E-14
1,5.09E-14,-5.72E-14,0,-5.72E-14,0
1.02,5.09E-14,-3.18E-14,0,-3.18E-14,0
1.04,3.82E-14,-7.00E-14,0,-7.00E-14,0
1.06,3.82E-14,-6.36E-15,-2.54E-14,-6.36E-15,-2.54E-14
1.08,3.82E-14,-1.27E-14,-2.54E-14,-1.27E-14,-2.54E-14
1.1,6.36E-14,-2.54E-14,-2.54E-14,-2.54E-14,-2.54E-14
1.12,5.09E-14,-1.27E-14,0,-1.27E-14,0
1.14,5.09E-14,-2.54E-14,0,-2.54E-14,0
1.16,6.36E-14,-3.82E-14,2.54E-14,-3.82E-14,2.54E-14
1.18,3.82E-14,1.27E-14,-2.54E-14,1.27E-14,-2.54E-14
1.2,6.36E-14,-1.27E-14,-2.54E-14,-1.27E-14,-2.54E-14
1.22,7.63E-14,-2.54E-14,-2.54E-14,-2.54E-14,-2.54E-14
1.24,2.54E-14,0,2.54E-14,0,2.54E-14
1.26,6.36E-14,-1.91E-14,0,-1.91E-14,0
1.28,2.54E-14,-1.27E-14,0,-1.27E-14,0
1.3,6.36E-14,1.91E-14,0,1.91E-14,0
1.32,6.36E-14,-6.36E-15,0,-6.36E-15,0
1.34,3.82E-14,-1.91E-14,0,-1.91E-14,0
1.36,5.09E-14,-1.27E-14,0,-1.27E-14,0
1.38,5.09E-14,-1.27E-14,-2.54E-14,-1.27E-14,-2.54E-14
1.4,8.91E-14,-5.72E-14,0,-5.72E-14,0
1.42,3.82E-14,-1.27E-14,-2.54E-14,-1.27E-14,-2.54E-14
1.44,3.82E-14,-1.27E-14,0,-1.27E-14,0
1.46,6.36E-14,-5.09E-14,0,-5.09E-14,0
1.48,3.82E-14,1.27E-14,-2.54E-14,1.27E-14,-2.54E-14
1.5,7.63E-14,-6.36E-14,0,-6.36E-14,0
1.52,7.63E-14,-5.09E-14,2.54E-14,-5.09E-14,2.54E-14
1.54,2.54E-14,0,0,0,0
1.56,7.63E-14,-4.45E-14,2.54E-14,-4.45E-14,2.54E-14
1.58,3.82E-14,-1.91E-14,0,-1.91E-14,0
1.6,3.82E-14,6.36E-15,-2.54E-14,6.36E-15,-2.54E-14
1.62,5.09E-14,0,-2.54E-14,0,-2.54E-14
1.64,3.82E-14,-2.54E-14,0,-2.54E-14,0
1.66,5.09E-14,-1.27E-14,0,-1.27E-14,0
1.68,5.09E-14,-6.36E-15,-2.54E-14,-6.36E-15,-2.54E-14
1.7,2.54E-14,0,0,0,0
1.72,7.63E-14,-1.91E-14,-2.54E-14,-1.91E-14,-2.54E-14
1.74,2.54E-14,2.54E-14,-2.54E-14,2.54E-14,-2.54E-14
1.76,2.54E-14,0,-2.54E-14,0,-2.54E-14
1.78,8.91E-14,-1.27E-14,0,-1.27E-14,0
1.8,5.09E-14,-1.27E-14,-2.54E-14,-1.27E-14,-2.54E-14
1.82,3.82E-14,-3.18E-14,0,-3.18E-14,0
1.84,3.82E-14,-1.91E-14,0,-1.91E-14,0
1.86,3.82E-14,-1.27E-14,-2.54E-14,-1.27E-14,-2.54E-14
1.88,7.63E-14,-1.91E-14,-2.54E-14,-1.91E-14,-2.54E-14
1.9,5.09E-14,0,-2.54E-14,0,-2.54E-14
1.92,5.09E-14,-1.27E-14,0,-1.27E-14,0
1.94,3.82E-14,0,-2.54E-14,0,-2.54E-14
1.96,7.63E-14,-3.82E-14,0,-3.82E-14,0
1.98,6.36E-14,-3.18E-14,2.54E-14,-3.18E-14,2.54E-14
2,6.36E-14,0,0,0,0
2.02,5.09E-14,-2.54E-14,2.54E-14,-2.54E-14,2.54E-14
2.04,5.09E-14,-1.27E-14,0,-1.27E-14,0
2.06,5.09E-14,-1.91E-14,0,-1.91E-14,0
2.08,0,0,-2.54E-14,0,-2.54E-14
2.1,0,1.27E-14,0,1.27E-14,0
2.12,5.09E-14,-5.09E-14,0,-5.09E-14,0
2.14,5.09E-14,-5.09E-14,2.54E-14,-5.09E-14,2.54E-14
2.16,7.63E-14,-1.91E-14,0,-1.91E-14,0
2.18,5.09E-14,-1.27E-14,-2.54E-14,-1.27E-14,-2.54E-14
2.2,5.09E-14,-3.82E-14,0,-3.82E-14,0
2.22,5.09E-14,-3.82E-14,-2.54E-14,-3.82E-14,-2.54E-14
2.24,7.63E-14,-4.45E-14,2.54E-14,-4.45E-14,2.54E-14
2.26,5.09E-14,-1.91E-14,0,-1.91E-14,0
2.28,0,0,-2.54E-14,0,-2.54E-14
2.3,5.09E-14,-1.91E-14,0,-1.91E-14,0
2.32,6.36E-14,-2.54E-14,0,-2.54E-14,0
2.34,3.82E-14,-6.36E-15,0,-6.36E-15,0
2.36,6.36E-14,-1.91E-14,0,-1.91E-14,0
2.38,6.36E-14,-5.09E-14,0,-5.09E-14,0
2.4,2.54E-14,-2.54E-14,-2.54E-14,-2.54E-14,-2.54E-14
2.42,3.82E-14,1.27E-14,0,1.27E-14,0
2.44,5.09E-14,-1.91E-14,-2.54E-14,-1.91E-14,-2.54E-14
2.46,7.63E-14,-1.27E-14,-2.54E-14,-1.27E-14,-2.54E-14
2.48,2.54E-14,-1.27E-14,0,-1.27E-14,0
2.5,5.09E-14,1.27E-14,-2.54E-14,1.27E-14,-2.54E-14
2.52,3.82E-14,-1.27E-14,2.54E-14,-1.27E-14,2.54E-14
2.54,6.36E-14,-2.54E-14,2.54E-14,-2.54E-14,2.54E-14
2.56,6.36E-14,-5.09E-14,0,-5.09E-14,0
2.58,3.82E-14,-1.27E-14,-2.54E-14,-1.27E-14,-2.54E-14
2.6,3.82E-14,0,-2.54E-14,0,-2.54E-14
2.62,3.82E-14,-5.09E-14,2.54E-14,-5.09E-14,2.54E-14
2.64,3.82E-14,0,0,0,0
2.66,5.09E-14,-3.82E-14,0,-3.82E-14,0
2.68,3.82E-14,-1.27E-14,0,-1.27E-14,0
2.7,2.54E-14,0,0,0,0
2.72,3.82E-14,-3.82E-14,0,-3.82E-14,0
2.74,0,3.18E-14,0,3.18E-14,0
2.76,3.82E-14,0,-2.54E-14,0,-2.54E-14
2.78,5.09E-14,-3.18E-14,0,-3.18E-14,0
2.8,6.36E-14,-2.54E-14,-2.54E-14,-2.54E-14,-2.54E-14
2.82,5.09E-14,-5.09E-14,0,-5.09E-14,0
2.84,5.09E-14,-4.45E-14,2.54E-14,-4.45E-14,2.54E-14
2.86,7.63E-14,-6.36E-15,5.09E-14,-6.36E-15,5.09E-14
2.88,5.09E-14,-1.91E-14,0,-1.91E-14,0
2.9,3.82E-14,-2.54E-14,-2.54E-14,-2.54E-14,-2.54E-14
2.92,6.36E-14,-3.18E-14,0,-3.18E-14,0
2.94,3.82E-14,-1.27E-14,2.54E-14,-1.27E-14,2.54E-14
2.96,3.82E-14,-1.27E-14,0,-1.27E-14,0
2.98,1.27E-14,1.27E-14,2.54E-14,1.27E-14,2.54E-14
3,3.82E-14,0,0,0,0
3.02,1.27E-14,-6.36E-15,0,-6.36E-15,0
3.04,3.82E-14,-6.36E-15,0,-6.36E-15,0
3.06,5.09E-14,-5.72E-14,5.09E-14,-5.72E-14,5.09E-14
3.08,7.63E-14,-2.54E-14,-2.54E-14,-2.54E-14,-2.54E-14
3.1,3.82E-14,1.91E-14,0,1.91E-14,0
3.12,6.36E-14,-1.27E-14,0,-1.27E-14,0
3.14,8.91E-14,-5.72E-14,0,-5.72E-14,0
3.16,5.09E-14,-5.72E-14,0,-5.72E-14,0
3.18,5.09E-14,-1.91E-14,0,-1.91E-14,0
3.2,2.54E-14,-3.18E-14,2.54E-14,-3.18E-14,2.54E-14
3.22,5.09E-14,-1.27E-14,0,-1.27E-14,0
3.24,3.82E-14,-3.82E-14,0,-3.82E-14,0
3.26,5.09E-14,0,-2.54E-14,0,-2.54E-14
3.28,5.09E-14,-4.45E-14,0,-4.45E-14,0
3.3,3.82E-14,1.27E-14,-2.54E-14,1.27E-14,-2.54E-14
3.32,7.63E-14,-3.82E-14,0,-3.82E-14,0
3.34,5.09E-14,-1.91E-14,2.54E-14,-1.91E-14,2.54E-14
3.36,3.82E-14,-1.27E-14,-2.54E-14,-1.27E-14,-2.54E-14
3.38,3.82E-14,-3.18E-14,0,-3.18E-14,0
3.4,8.91E-14,-3.82E-14,0,-3.82E-14,0
3.42,6.36E-14,-6.36E-14,0,-6.36E-14,0
3.44,5.09E-14,-1.27E-14,0,-1.27E-14,0
3.46,2.54E-14,-1.27E-14,0,-1.27E-14,0
3.48,1.27E-14,-6.36E-15,0,-6.36E-15,0
3.5,7.63E-14,-3.18E-14,0,-3.18E-14,0
3.52,5.09E-14,-3.82E-14,0,-3.82E-14,0
3.54,3.82E-14,-1.27E-14,-2.54E-14,-1.27E-14,-2.54E-14
3.56,3.82E-14,-1.91E-14,2.54E-14,-1.91E-14,2.54E-14
3.58,2.54E-14,1.27E-14,0,1.27E-14,0
3.6,5.09E-14,-2.54E-14,0,-2.54E-14,0
3.62,6.36E-14,-4.45E-14,0,-4.45E-14,0
3.64,3.82E-14,-2.54E-14,0,-2.54E-14,0
3.66,7.63E-14,-5.09E-14,2.54E-14,-5.09E-14,2.54E-14
3.68,1.27E-14,1.91E-14,0,1.91E-14,0
3.7,5.09E-14,-1.27E-14,-2.54E-14,-1.27E-14,-2.54E-14
3.72,7.63E-14,-3.82E-14,2.54E-14,-3.82E-14,2.54E-14
3.74,5.09E-14,-1.91E-14,0,-1.91E-14,0
3.76,6.36E-14,-5.09E-14,0,-5.09E-14,0
3.78,5.09E-14,-3.82E-14,-2.54E-14,-3.82E-14,-2.54E-14
3.8,0,1.91E-14,0,1.91E-14,0
3.82,2.54E-14,-1.91E-14,0,-1.91E-14,0
3.84,6.36E-14,-1.91E-14,0,-1.91E-14,0
3.86,3.82E-14,6.36E-15,0,6.36E-15,0
3.88,6.36E-14,-5.72E-14,0,-5.72E-14,0
3.9,3.82E-14,-1.27E-14,0,-1.27E-14,0
3.92,6.36E-14,-1.91E-14,0,-1.91E-14,0
3.94,2.54E-14,-5.72E-14,0,-5.72E-14,0
3.96,5.09E-14,-2.54E-14,0,-2.54E-14,0
3.98,8.91E-14,-5.09E-14,0,-5.09E-14,0
4,3.82E-14,-1.91E-14,0,-1.91E-14,0
4.02,3.82E-14,-2.54E-14,0,-2.54E-14,0
4.04,5.09E-14,-3.82E-14,0,-3.82E-14,0
4.06,6.36E-14,-5.09E-14,0,-5.09E-14,0
4.08,3.82E-14,-1.27E-14,-2.54E-14,-1.27E-14,-2.54E-14
4.1,3.82E-14,-1.91E-14,0,-1.91E-14,0
4.12,5.09E-14,-5.72E-14,-2.54E-14,-5.72E-14,-2.54E-14
4.14,2.54E-14,3.18E-14,-2.54E-14,3.18E-14,-2.54E-14
4.16,6.36E-14,-6.36E-15,2.54E-14,-6.36E-15,2.54E-14
4.18,3.82E-14,-3.82E-14,0,-3.82E-14,0
4.2,5.09E-14,-1.91E-14,5.09E-14,-1.91E-14,5.09E-14
4.22,6.36E-14,6.36E-15,-2.54E-14,6.36E-15,-2.54E-14
4.24,6.36E-14,-5.72E-14,2.54E-14,-5.72E-14,2.54E-14
4.26,3.82E-14,-2.54E-14,0,-2.54E-14,0
4.28,5.09E-14,-5.72E-14,2.54E-14,-5.72E-14,2.54E-14
4.3,5.09E-14,-2.54E-14,0,-2.54E-14,0
4.32,3.82E-14,-2.54E-14,0,-2.54E-14,0
4.34,5.09E-14,-1.91E-14,-2.54E-14,-1.91E-14,-2.54E-14
4.36,2.54E-14,-1.91E-14,2.54E-14,-1.91E-14,2.54E-14
4.38,1.27E-14,0,0,0,0
4.4,3.82E-14,1.27E-14,-2.54E-14,1.27E-14,-2.54E-14
4.42,5.09E-14,-2.54E-14,-2.54E-14,-2.54E-14,-2.54E-14
4.44,2.54E-14,1.27E-14,0,1.27E-14,0
4.46,5.09E-14,-3.82E-14,0,-3.82E-14,0
4.48,7.63E-14,-5.09E-14,2.54E-14,-5.09E-14,2.54E-14
4.5,5.09E-14,-2.54E-14,0,-2.54E-14,0
4.52,6.36E-14,-2.54E-14,0,-2.54E-14,0
4.54,5.09E-14,0,-2.54E-14,0,-2.54E-14
4.56,5.09E-14,-3.18E-14,0,-3.18E-14,0
4.58,2.54E-14,0,-2.54E-14,0,-2.54E-14
4.6,5.09E-14,-2.54E-14,0,-2.54E-14,0
4.62,2.54E-14,-6.36E-15,-2.54E-14,-6.36E-15,-2.54E-14
4.64,5.09E-14,-4.45E-14,0,-4.45E-14,0
4.66,2.54E-14,0,-2.54E-14,0,-2.54E-14
4.68,5.09E-14,-2.54E-14,0,-2.54E-14,0
4.7,5.09E-14,-2.54E-14,-2.54E-14,-2.54E-14,-2.54E-14
4.72,7.63E-14,-3.18E-14,0,-3.18E-14,0
4.74,2.54E-14,-6.36E-15,0,-6.36E-15,0
4.76,8.91E-14,-3.82E-14,0,-3.82E-14,0
4.78,5.09E-14,-3.18E-14,0,-3.18E-14,0
4.8,6.36E-14,-5.72E-14,0,-5.72E-14,0
4.82,3.82E-14,-1.27E-14,0,-1.27E-14,0
4.84,5.09E-14,-1.27E-14,0,-1.27E-14,0
4.86,6.36E-14,-4.45E-14,2.54E-14,-4.45E-14,2.54E-14
4.88,1.27E-14,-1.27E-14,0,-1.27E-14,0
4.9,3.82E-14,-2.54E-14,0,-2.54E-14,0
4.92,5.09E-14,-3.82E-14,2.54E-14,-3.82E-14,2.54E-14
4.94,7.63E-14,-1.91E-14,-2.54E-14,-1.91E-14,-2.54E-14
4.96,6.36E-14,-1.27E-14,0,-1.27E-14,0
4.98,6.36E-14,-2.54E-14,0,-2.54E-14,0
5,7.63E-14,-0.00041083,0.00041083,-0.00041083,0.00041083
5.02,1.27E-14,-0.446660632,0.446660632,-0.446660632,0.446660632
5.04,3.82E-14,-1.595628512,1.595628512,-1.595628512,1.595628512
5.06,7.63E-14,-3.20006156,3.20006156,-3.20006156,3.20006156
5.08,3.82E-14,-5.084514799,5.084514799,-5.084514799,5.084514799
5.1,7.63E-14,-7.122030996,7.122030996,-7.122030996,7.122030996
5.12,1.14E-13,-9.221766555,9.221766555,-9.221766555,9.221766555
5.14,3.82E-14,-11.317373,11.317373,-11.317373,11.317373
5.16,5.09E-14,-13.36084735,13.36084735,-13.36084735,13.36084735
5.18,6.36E-14,-15.31798594,15.31798594,-15.31798594,15.31798594
5.2,8.91E-14,-17.16498864,17.16498864,-17.16498864,17.16498864
5.22,3.82E-14,-18.8867751,18.8867751,-18.8867751,18.8867751
5.24,3.82E-14,-20.4745462,20.4745462,-20.4745462,20.4745462
5.26,1.27E-14,-21.9248198,21.9248198,-21.9248198,21.9248198
5.28,3.82E-14,-23.23826209,23.23826209,-23.23826209,23.23826209
5.3,5.09E-14,-24.41869646,24.41869646,-24.41869646,24.41869646
5.32,5.09E-14,-25.47233053,25.47233053,-25.47233053,25.47233053
5.34,3.82E-14,-26.40722617,26.40722617,-26.40722617,26.40722617
5.36,5.09E-14,-27.23174516,27.23174516,-27.23174516,27.23174516
5.38,6.36E-14,-27.95534001,27.95534001,-27.95534001,27.95534001
5.4,7.63E-14,-28.58747859,28.58747859,-28.58747859,28.58747859
5.42,8.91E-14,-29.13740992,29.13740992,-29.13740992,29.13740992
5.44,3.82E-14,-29.61400903,29.61400903,-29.61400903,29.61400903
5.46,5.09E-14,-30.02566293,30.02566293,-30.02566293,30.02566293
5.48,1.02E-13,-30.38021405,30.38021405,-30.38021405,30.38021405
5.5,8.91E-14,-30.68462099,30.68462099,-30.68462099,30.68462099
5.52,1.14E-13,-30.94536838,30.94536838,-30.94536838,30.94536838
5.54,1.14E-13,-31.16820903,31.16820903,-31.16820903,31.16820903
5.56,3.82E-14,-31.35824532,31.35824532,-31.35824532,31.35824532
5.58,3.82E-14,-31.52001475,31.52001475,-31.52001475,31.52001475
5.6,7.63E-14,-31.65750019,31.65750019,-31.65750019,31.65750019
5.62,3.82E-14,-31.7741431,31.7741431,-31.7741431,31.7741431
5.64,5.09E-14,-31.87296552,31.87296552,-31.87296552,31.87296552
5.66,8.91E-14,-31.95657816,31.95657816,-31.95657816,31.95657816
5.68,5.09E-14,-32.02726279,32.02726279,-32.02726279,32.02726279
5.7,1.14E-13,-32.08692586,32.08692586,-32.08692586,32.08692586
5.72,5.09E-14,-32.13723673,32.13723673,-32.13723673,32.13723673
5.74,6.36E-14,-32.17962159,32.17962159,-32.17962159,32.17962159
5.76,7.63E-14,-32.21531168,32.21531168,-32.21531168,32.21531168
5.78,2.54E-14,-32.24532522,32.24532522,-32.24532522,32.24532522
5.8,6.36E-14,-32.27054762,32.27054762,-32.27054762,32.27054762
5.82,5.09E-14,-32.2917291,32.2917291,-32.2917291,32.2917291
5.84,8.91E-14,-32.30951104,32.30951104,-32.30951104,32.30951104
5.86,6.36E-14,-32.32442218,32.32442218,-32.32442218,32.32442218
5.88,6.36E-14,-32.33692059,32.33692059,-32.33692059,32.33692059
5.9,2.54E-14,-32.34739095,32.34739095,-32.34739095,32.34739095
5.92,6.36E-14,-32.35615848,32.35615848,-32.35615848,32.35615848
5.94,3.82E-14,-32.3634956,32.3634956,-32.3634956,32.3634956
5.96,5.09E-14,-32.36963232,32.36963232,-32.36963232,32.36963232
5.98,6.36E-14,-32.3747633,32.3747633,-32.3747633,32.3747633
6,3.82E-14,-32.37905088,32.37905088,-32.37905088,32.37905088
6.02,3.82E-14,-32.38263293,32.38263293,-32.38263293,32.38263293
6.04,7.63E-14,-32.38562324,32.38562324,-32.38562324,32.38562324
6.06,7.63E-14,-32.38811999,32.38811999,-32.38811999,32.38811999
6.08,7.63E-14,-32.39020288,32.39020288,-32.39020288,32.39020288
6.1,5.09E-14,-32.39194011,32.39194011,-32.39194011,32.39194011
6.12,3.82E-14,-32.3933884,32.3933884,-32.3933884,32.3933884
6.14,6.36E-14,-32.39459602,32.39459602,-32.39459602,32.39459602
6.16,6.36E-14,-32.39560195,32.39560195,-32.39560195,32.39560195
6.18,7.63E-14,-32.39644004,32.39644004,-32.39644004,32.39644004
6.2,1.02E-13,-32.39713777,32.39713777,-32.39713777,32.39713777
6.22,2.54E-14,-32.39771885,32.39771885,-32.39771885,32.39771885
6.24,7.63E-14,-32.39820228,32.39820228,-32.39820228,32.39820228
6.26,3.82E-14,-32.39860468,32.39860468,-32.39860468,32.39860468
6.28,7.63E-14,-32.39893933,32.39893933,-32.39893933,32.39893933
6.3,7.63E-14,-32.39921767,32.39921767,-32.39921767,32.39921767
6.32,6.36E-14,-32.39944903,32.39944903,-32.39944903,32.39944903
6.34,6.36E-14,-32.39964142,32.39964142,-32.39964142,32.39964142
6.36,3.82E-14,-32.39980128,32.39980128,-32.39980128,32.39980128
6.38,3.82E-14,-32.39993409,32.39993409,-32.39993409,32.39993409
6.4,3.82E-14,-32.40004441,32.40004441,-32.40004441,32.40004441
6.42,5.09E-14,-32.40013606,32.40013606,-32.40013606,32.40013606
6.44,8.91E-14,-32.40021215,32.40021215,-32.40021215,32.40021215
6.46,5.09E-14,-32.40027531,32.40027531,-32.40027531,32.40027531
6.48,3.82E-14,-32.40032774,32.40032774,-32.40032774,32.40032774
6.5,8.91E-14,-32.40037125,32.40037125,-32.40037125,32.40037125
6.52,3.82E-14,-32.40040735,32.40040735,-32.40040735,32.40040735
6.54,6.36E-14,-32.4004373,32.4004373,-32.4004373,32.4004373
6.56,5.09E-14,-32.40046214,32.40046214,-32.40046214,32.40046214
6.58,3.82E-14,-32.40048274,32.40048274,-32.40048274,32.40048274
6.6,6.36E-14,-32.40049982,32.40049982,-32.40049982,32.40049982
6.62,5.09E-14,-32.40051398,32.40051398,-32.40051398,32.40051398
6.64,5.09E-14,-32.40052572,32.40052572,-32.40052572,32.40052572
6.66,6.36E-14,-32.40053545,32.40053545,-32.40053545,32.40053545
6.68,6.36E-14,-32.40054351,32.40054351,-32.40054351,32.40054351
6.7,3.82E-14,-32.40055019,32.40055019,-32.40055019,32.40055019
6.72,3.82E-14,-32.40055573,32.40055573,-32.40055573,32.40055573
6.74,6.36E-14,-32.40056031,32.40056031,-32.40056031,32.40056031
6.76,3.82E-14,-32.4005641,32.4005641,-32.4005641,32.4005641
6.78,7.63E-14,-32.40056725,32.40056725,-32.40056725,32.40056725
6.8,1.53E-13,-32.40056985,32.40056985,-32.40056985,32.40056985
6.82,3.82E-14,-32.400572,32.400572,-32.400572,32.400572
6.84,6.36E-14,-32.40057379,32.40057379,-32.40057379,32.40057379
6.86,3.82E-14,-32.40057526,32.40057526,-32.40057526,32.40057526
6.88,3.82E-14,-32.40057649,32.40057649,-32.40057649,32.40057649
6.9,6.36E-14,-32.4005775,32.4005775,-32.4005775,32.4005775
6.92,2.54E-14,-32.40057833,32.40057833,-32.40057833,32.40057833
6.94,5.09E-14,-32.40057903,32.40057903,-32.40057903,32.40057903
6.96,3.82E-14,-32.4005796,32.4005796,-32.4005796,32.4005796
6.98,7.63E-14,-32.40058007,32.40058007,-32.40058007,32.40058007
7,3.82E-14,-32.40058046,32.40058046,-32.40058046,32.40058046
7.02,5.09E-14,-32.40058079,32.40058079,-32.40058079,32.40058079
7.04,6.36E-14,-32.40058105,32.40058105,-32.40058105,32.40058105
7.06,7.63E-14,-32.40058128,32.40058128,-32.40058128,32.40058128
7.08,3.82E-14,-32.40058146,32.40058146,-32.40058146,32.40058146
7.1,3.82E-14,-32.40058161,32.40058161,-32.40058161,32.40058161
7.12,5.09E-14,-32.40058174,32.40058174,-32.40058174,32.40058174
7.14,8.91E-14,-32.40058184,32.40058184,-32.40058184,32.40058184
7.16,5.09E-14,-32.40058192,32.40058192,-32.40058192,32.40058192
7.18,6.36E-14,-32.40058199,32.40058199,-32.40058199,32.40058199
7.2,6.36E-14,-32.40058205,32.40058205,-32.40058205,32.40058205
7.22,7.63E-14,-32.4005821,32.4005821,-32.4005821,32.4005821
7.24,8.91E-14,-32.40058214,32.40058214,-32.40058214,32.40058214
7.26,3.82E-14,-32.40058217,32.40058217,-32.40058217,32.40058217
7.28,3.82E-14,-32.4005822,32.4005822,-32.4005822,32.4005822
7.3,7.63E-14,-32.40058222,32.40058222,-32.40058222,32.40058222
7.32,6.36E-14,-32.40058224,32.40058224,-32.40058224,32.40058224
7.34,6.36E-14,-32.40058226,32.40058226,-32.40058226,32.40058226
7.36,5.09E-14,-32.40058227,32.40058227,-32.40058227,32.40058227
7.38,6.36E-14,-32.40058228,32.40058228,-32.40058228,32.40058228
7.4,5.09E-14,-32.40058229,32.40058229,-32.40058229,32.40058229
7.42,5.09E-14,-32.4005823,32.4005823,-32.4005823,32.4005823
7.44,5.09E-14,-32.4005823,32.4005823,-32.4005823,32.4005823
7.46,6.36E-14,-32.40058231,32.40058231,-32.40058231,32.40058231
7.48,1.14E-13,-32.40058231,32.40058231,-32.40058231,32.40058231
7.5,3.82E-14,-32.40058231,32.40058231,-32.40058231,32.40058231
7.52,8.91E-14,-32.40058232,32.40058232,-32.40058232,32.40058232
7.54,7.63E-14,-32.40058232,32.40058232,-32.40058232,32.40058232
7.56,7.63E-14,-32.40058232,32.40058232,-32.40058232,32.40058232
7.58,5.09E-14,-32.40058232,32.40058232,-32.40058232,32.40058232
7.6,3.82E-14,-32.40058232,32.40058232,-32.40058232,32.40058232
7.62,6.36E-14,-32.40058232,32.40058232,-32.40058232,32.40058232
7.64,8.91E-14,-32.40058233,32.40058233,-32.40058233,32.40058233
7.66,5.09E-14,-32.40058233,32.40058233,-32.40058233,32.40058233
7.68,7.63E-14,-32.40058233,32.40058233,-32.40058233,32.40058233
7.7,6.36E-14,-32.40058233,32.40058233,-32.40058233,32.40058233
7.72,7.63E-14,-32.40058233,32.40058233,-32.40058233,32.40058233
7.74,6.36E-14,-32.40058233,32.40058233,-32.40058233,32.40058233
7.76,5.09E-14,-32.40058233,32.40058233,-32.40058233,32.40058233
7.78,8.91E-14,-32.40058233,32.40058233,-32.40058233,32.40058233
7.8,3.82E-14,-32.40058233,32.40058233,-32.40058233,32.40058233
7.82,8.91E-14,-32.40058233,32.40058233,-32.40058233,32.40058233
7.84,8.91E-14,-32.40058233,32.40058233,-32.40058233,32.40058233
7.86,3.82E-14,-32.40058233,32.40058233,-32.40058233,32.40058233
7.88,1.02E-13,-32.40058233,32.40058233,-32.40058233,32.40058233
7.9,6.36E-14,-32.40058233,32.40058233,-32.40058233,32.40058233
7.92,1.02E-13,-32.40058233,32.40058233,-32.40058233,32.40058233
7.94,7.63E-14,-32.40058233,32.40058233,-32.40058233,32.40058233
7.96,8.91E-14,-32.40058233,32.40058233,-32.40058233,32.40058233
7.98,1.27E-14,-32.40058233,32.40058233,-32.40058233,32.40058233
8,7.63E-14,-32.40058233,32.40058233,-32.40058233,32.40058233
8.02,1.27E-14,-32.40058233,32.40058233,-32.40058233,32.40058233
8.04,7.63E-14,-32.40058233,32.40058233,-32.40058233,32.40058233
8.06,7.63E-14,-32.40058233,32.40058233,-32.40058233,32.40058233
8.08,7.63E-14,-32.40058233,32.40058233,-32.40058233,32.40058233
8.1,7.63E-14,-32.40058233,32.40058233,-32.40058233,32.40058233
8.12,7.63E-14,-32.40058233,32.40058233,-32.40058233,32.40058233
8.14,8.91E-14,-32.40058233,32.40058233,-32.40058233,32.40058233
8.16,6.36E-14,-32.40058233,32.40058233,-32.40058233,32.40058233
8.18,6.36E-14,-32.40058233,32.40058233,-32.40058233,32.40058233
8.2,7.63E-14,-32.40058233,32.40058233,-32.40058233,32.40058233
8.22,8.91E-14,-32.40058233,32.40058233,-32.40058233,32.40058233
8.24,7.63E-14,-32.40058233,32.40058233,-32.40058233,32.40058233
8.26,6.36E-14,-32.40058233,32.40058233,-32.40058233,32.40058233
8.28,5.09E-14,-32.40058233,32.40058233,-32.40058233,32.40058233
8.3,6.36E-14,-32.40058233,32.40058233,-32.40058233,32.40058233
8.32,7.63E-14,-32.40058233,32.40058233,-32.40058233,32.40058233
8.34,3.82E-14,-32.40058233,32.40058233,-32.40058233,32.40058233
8.36,7.63E-14,-32.40058233,32.40058233,-32.40058233,32.40058233
8.38,3.82E-14,-32.40058233,32.40058233,-32.40058233,32.40058233
8.4,8.91E-14,-32.40058233,32.40058233,-32.40058233,32.40058233
8.42,3.82E-14,-32.40058233,32.40058233,-32.40058233,32.40058233
8.44,6.36E-14,-32.40058233,32.40058233,-32.40058233,32.40058233
8.46,7.63E-14,-32.40058233,32.40058233,-32.40058233,32.40058233
8.48,7.63E-14,-32.40058233,32.40058233,-32.40058233,32.40058233
8.5,5.09E-14,-32.40058233,32.40058233,-32.40058233,32.40058233
8.52,5.09E-14,-32.40058233,32.40058233,-32.40058233,32.40058233
8.54,8.91E-14,-32.40058233,32.40058233,-32.40058233,32.40058233
8.56,7.63E-14,-32.40058233,32.40058233,-32.40058233,32.40058233
8.58,6.36E-14,-32.40058233,32.40058233,-32.40058233,32.40058233
8.6,3.82E-14,-32.40058233,32.40058233,-32.40058233,32.40058233
8.62,6.36E-14,-32.40058233,32.40058233,-32.40058233,32.40058233
8.64,3.82E-14,-32.40058233,32.40058233,-32.40058233,32.40058233
8.66,5.09E-14,-32.40058233,32.40058233,-32.40058233,32.40058233
8.68,8.91E-14,-32.40058233,32.40058233,-32.40058233,32.40058233
8.7,5.09E-14,-32.40058233,32.40058233,-32.40058233,32.40058233
8.72,3.82E-14,-32.40058233,32.40058233,-32.40058233,32.40058233
8.74,8.91E-14,-32.40058233,32.40058233,-32.40058233,32.40058233
8.76,8.91E-14,-32.40058233,32.40058233,-32.40058233,32.40058233
8.78,8.91E-14,-32.40058233,32.40058233,-32.40058233,32.40058233
8.8,8.91E-14,-32.40058233,32.40058233,-32.40058233,32.40058233
8.82,3.82E-14,-32.40058233,32.40058233,-32.40058233,32.40058233
8.84,3.82E-14,-32.40058233,32.40058233,-32.40058233,32.40058233
8.86,1.02E-13,-32.40058233,32.40058233,-32.40058233,32.40058233
8.88,7.63E-14,-32.40058233,32.40058233,-32.40058233,32.40058233
8.9,6.36E-14,-32.40058233,32.40058233,-32.40058233,32.40058233
8.92,6.36E-14,-32.40058233,32.40058233,-32.40058233,32.40058233
8.94,1.27E-13,-32.40058233,32.40058233,-32.40058233,32.40058233
8.96,6.36E-14,-32.40058233,32.40058233,-32.40058233,32.40058233
8.98,7.63E-14,-32.40058233,32.40058233,-32.40058233,32.40058233
9,8.91E-14,-32.40058233,32.40058233,-32.40058233,32.40058233
9.02,8.91E-14,-32.40058233,32.40058233,-32.40058233,32.40058233
9.04,7.63E-14,-32.40058233,32.40058233,-32.40058233,32.40058233
9.06,6.36E-14,-32.40058233,32.40058233,-32.40058233,32.40058233
9.08,7.63E-14,-32.40058233,32.40058233,-32.40058233,32.40058233
9.1,7.63E-14,-32.40058233,32.40058233,-32.40058233,32.40058233
9.12,8.91E-14,-32.40058233,32.40058233,-32.40058233,32.40058233
9.14,1.14E-13,-32.40058233,32.40058233,-32.40058233,32.40058233
9.16,8.91E-14,-32.40058233,32.40058233,-32.40058233,32.40058233
9.18,7.63E-14,-32.40058233,32.40058233,-32.40058233,32.40058233
9.2,8.91E-14,-32.40058233,32.40058233,-32.40058233,32.40058233
9.22,1.14E-13,-32.40058233,32.40058233,-32.40058233,32.40058233
9.24,3.82E-14,-32.40058233,32.40058233,-32.40058233,32.40058233
9.26,5.09E-14,-32.40058233,32.40058233,-32.40058233,32.40058233
9.28,6.36E-14,-32.40058233,32.40058233,-32.40058233,32.40058233
9.3,7.63E-14,-32.40058233,32.40058233,-32.40058233,32.40058233
9.32,3.82E-14,-32.40058233,32.40058233,-32.40058233,32.40058233
9.34,1.14E-13,-32.40058233,32.40058233,-32.40058233,32.40058233
9.36,8.91E-14,-32.40058233,32.40058233,-32.40058233,32.40058233
9.38,6.36E-14,-32.40058233,32.40058233,-32.40058233,32.40058233
9.4,8.91E-14,-32.40058233,32.40058233,-32.40058233,32.40058233
9.42,5.09E-14,-32.40058233,32.40058233,-32.40058233,32.40058233
9.44,8.91E-14,-32.40058233,32.40058233,-32.40058233,32.40058233
9.46,7.63E-14,-32.40058233,32.40058233,-32.40058233,32.40058233
9.48,1.14E-13,-32.40058233,32.40058233,-32.40058233,32.40058233
9.5,7.63E-14,-32.40058233,32.40058233,-32.40058233,32.40058233
9.52,3.82E-14,-32.40058233,32.40058233,-32.40058233,32.40058233
9.54,6.36E-14,-32.40058233,32.40058233,-32.40058233,32.40058233
9.56,8.91E-14,-32.40058233,32.40058233,-32.40058233,32.40058233
9.58,7.63E-14,-32.40058233,32.40058233,-32.40058233,32.40058233
9.6,6.36E-14,-32.40058233,32.40058233,-32.40058233,32.40058233
9.62,7.63E-14,-32.40058233,32.40058233,-32.40058233,32.40058233
9.64,7.63E-14,-32.40058233,32.40058233,-32.40058233,32.40058233
9.66,8.91E-14,-32.40058233,32.40058233,-32.40058233,32.40058233
9.68,1.27E-13,-32.40058233,32.40058233,-32.40058233,32.40058233
9.7,8.91E-14,-32.40058233,32.40058233,-32.40058233,32.40058233
9.72,8.91E-14,-32.40058233,32.40058233,-32.40058233,32.40058233
9.74,1.14E-13,-32.40058233,32.40058233,-32.40058233,32.40058233
9.76,7.63E-14,-32.40058233,32.40058233,-32.40058233,32.40058233
9.78,6.36E-14,-32.40058233,32.40058233,-32.40058233,32.40058233
9.8,3.82E-14,-32.40058233,32.40058233,-32.40058233,32.40058233
9.82,8.91E-14,-32.40058233,32.40058233,-32.40058233,32.40058233
9.84,7.63E-14,-32.40058233,32.40058233,-32.40058233,32.40058233
9.86,3.82E-14,-32.40058233,32.40058233,-32.40058233,32.40058233
9.88,7.63E-14,-32.40058233,32.40058233,-32.40058233,32.40058233
9.9,1.14E-13,-32.40058233,32.40058233,-32.40058233,32.40058233
9.92,5.09E-14,-32.40058233,32.40058233,-32.40058233,32.40058233
9.94,7.63E-14,-32.40058233,32.40058233,-32.40058233,32.40058233
9.96,8.91E-14,-32.40058233,32.40058233,-32.40058233,32.40058233
9.98,8.91E-14,-32.40058233,32.40058233,-32.40058233,32.40058233
10,3.82E-14,-32.39416872,32.39416872,-32.39416872,32.39416872
10.02,8.91E-14,-31.55593128,31.55593128,-31.55593128,31.55593128
10.04,5.09E-14,-29.67309048,29.67309048,-29.67309048,29.67309048
10.06,7.63E-14,-27.22689619,27.22689619,-27.22689619,27.22689619
10.08,2.54E-14,-24.56056467,24.56056467,-24.56056467,24.56056467
10.1,6.36E-14,-21.88987691,21.88987691,-21.88987691,21.88987691
10.12,7.63E-14,-19.33931492,19.33931492,-19.33931492,19.33931492
10.14,2.54E-14,-16.9746685,16.9746685,-16.9746685,16.9746685
10.16,8.91E-14,-14.82396482,14.82396482,-14.82396482,14.82396482
10.18,6.36E-14,-12.8936322,12.8936322,-12.8936322,12.8936322
10.2,6.36E-14,-11.17743976,11.17743976,-11.17743976,11.17743976
10.22,2.54E-14,-9.662309099,9.662309099,-9.662309099,9.662309099
10.24,1.27E-14,-8.331971508,8.331971508,-8.331971508,8.331971508
10.26,7.63E-14,-7.169043319,7.169043319,-7.169043319,7.169043319
10.28,3.82E-14,-6.156274359,6.156274359,-6.156274359,6.156274359
10.3,6.36E-14,-5.276791392,5.276791392,-5.276791392,5.276791392
10.32,6.36E-14,-4.515356561,4.515356561,-4.515356561,4.515356561
10.34,7.63E-14,-3.857745818,3.857745818,-3.857745818,3.857745818
10.36,5.09E-14,-3.291003271,3.291003271,-3.291003271,3.291003271
10.38,3.82E-14,-2.803633618,2.803633618,-2.803633618,2.803633618
10.4,8.91E-14,-2.385373919,2.385373919,-2.385373919,2.385373919
10.42,6.36E-14,-2.026909211,2.026909211,-2.026909211,2.026909211
10.44,5.09E-14,-1.720315776,1.720315776,-1.720315776,1.720315776
10.46,7.63E-14,-1.45851812,1.45851812,-1.45851812,1.45851812
10.48,7.63E-14,-1.235195273,1.235195273,-1.235195273,1.235195273
10.5,7.63E-14,-1.045045611,1.045045611,-1.045045611,1.045045611
10.52,6.36E-14,-0.883351289,0.883351289,-0.883351289,0.883351289
10.54,2.54E-14,-0.745959062,0.745959062,-0.745959062,0.745959062
10.56,7.63E-14,-0.629406913,0.629406913,-0.629406913,0.629406913
10.58,7.63E-14,-0.530646625,0.530646625,-0.530646625,0.530646625
10.6,8.91E-14,-0.447007023,0.447007023,-0.447007023,0.447007023
10.62,5.09E-14,-0.376279356,0.376279356,-0.376279356,0.376279356
10.64,5.09E-14,-0.31651765,0.31651765,-0.31651765,0.31651765
10.66,3.82E-14,-0.266066511,0.266066511,-0.266066511,0.266066511
10.68,5.09E-14,-0.22351638,0.22351638,-0.22351638,0.22351638
10.7,5.09E-14,-0.187649552,0.187649552,-0.187649552,0.187649552
10.72,8.91E-14,-0.157443212,0.157443212,-0.157443212,0.157443212
10.74,5.09E-14,-0.132025636,0.132025636,-0.132025636,0.132025636
10.76,3.82E-14,-0.110654697,0.110654697,-0.110654697,0.110654697
10.78,3.82E-14,-0.092688971,0.092688971,-0.092688971,0.092688971
10.8,3.82E-14,-0.077603941,0.077603941,-0.077603941,0.077603941
10.82,5.09E-14,-0.064942296,0.064942296,-0.064942296,0.064942296
10.84,7.63E-14,-0.054321431,0.054321431,-0.054321431,0.054321431
10.86,3.82E-14,-0.04541912,0.04541912,-0.04541912,0.04541912
10.88,8.91E-14,-0.037957473,0.037957473,-0.037957473,0.037957473
10.9,1.02E-13,-0.031709104,0.031709104,-0.031709104,0.031709104
10.92,2.54E-14,-0.02647996,0.02647996,-0.02647996,0.02647996
10.94,8.91E-14,-0.022103337,0.022103337,-0.022103337,0.022103337
10.96,3.82E-14,-0.018444034,0.018444034,-0.018444034,0.018444034
10.98,6.36E-14,-0.015384965,0.015384965,-0.015384965,0.015384965
11,2.54E-14,-0.012828985,0.012828985,-0.012828985,0.012828985
11.02,2.54E-14,-0.010694416,0.010694416,-0.010694416,0.010694416
11.04,6.36E-14,-0.008911756,0.008911756,-0.008911756,0.008911756
11.06,5.09E-14,-0.007424105,0.007424105,-0.007424105,0.007424105
11.08,6.36E-14,-0.006183202,0.006183202,-0.006183202,0.006183202
11.1,7.63E-14,-0.005147906,0.005147906,-0.005147906,0.005147906
11.12,5.09E-14,-0.004284906,0.004284906,-0.004284906,0.004284906
11.14,3.82E-14,-0.003565595,0.003565595,-0.003565595,0.003565595
11.16,3.82E-14,-0.002966343,0.002966343,-0.002966343,0.002966343
11.18,1.27E-14,-0.002467151,0.002467151,-0.002467151,0.002467151
11.2,8.91E-14,-0.00205142,0.00205142,-0.00205142,0.00205142
11.22,8.91E-14,-0.001705375,0.001705375,-0.001705375,0.001705375
11.24,3.82E-14,-0.001417426,0.001417426,-0.001417426,0.001417426
11.26,3.82E-14,-0.00117776,0.00117776,-0.00117776,0.00117776
11.28,3.82E-14,-0.000978429,0.000978429,-0.000978429,0.000978429
11.3,3.82E-14,-0.000812666,0.000812666,-0.000812666,0.000812666
11.32,3.82E-14,-0.00067487,0.00067487,-0.00067487,0.00067487
11.34,5.09E-14,-0.000560298,0.000560298,-0.000560298,0.000560298
11.36,6.36E-14,-0.000465098,0.000465098,-0.000465098,0.000465098
11.38,7.63E-14,-0.000386,0.000386,-0.000386,0.000386
11.4,1.27E-14,-0.000320308,0.000320308,-0.000320308,0.000320308
11.42,3.82E-14,-0.000265733,0.000265733,-0.000265733,0.000265733
11.44,3.82E-14,-0.000220422,0.000220422,-0.000220422,0.000220422
11.46,7.63E-14,-0.000182808,0.000182808,-0.000182808,0.000182808
11.48,1.27E-14,-0.000151594,0.000151594,-0.000151594,0.000151594
11.5,6.36E-14,-0.00012568,0.00012568,-0.00012568,0.00012568
11.52,3.82E-14,-0.000104183,0.000104183,-0.000104183,0.000104183
11.54,5.09E-14,-8.64E-05,8.64E-05,-8.64E-05,8.64E-05
11.56,1.14E-13,-7.16E-05,7.16E-05,-7.16E-05,7.16E-05
11.58,2.54E-14,-5.93E-05,5.93E-05,-5.93E-05,5.93E-05
11.6,6.36E-14,-4.91E-05,4.91E-05,-4.91E-05,4.91E-05
11.62,3.82E-14,-4.07E-05,4.07E-05,-4.07E-05,4.07E-05
11.64,7.63E-14,-3.37E-05,3.37E-05,-3.37E-05,3.37E-05
11.66,3.82E-14,-2.79E-05,2.79E-05,-2.79E-05,2.79E-05
11.68,7.63E-14,-2.31E-05,2.31E-05,-2.31E-05,2.31E-05
11.7,6.36E-14,-1.91E-05,1.91E-05,-1.91E-05,1.91E-05
11.72,2.54E-14,-1.58E-05,1.58E-05,-1.58E-05,1.58E-05
11.74,5.09E-14,-1.31E-05,1.31E-05,-1.31E-05,1.31E-05
11.76,6.36E-14,-1.09E-05,1.09E-05,-1.09E-05,1.09E-05
11.78,2.54E-14,-8.98E-06,8.98E-06,-8.98E-06,8.98E-06
11.8,1.02E-13,-7.43E-06,7.43E-06,-7.43E-06,7.43E-06
11.82,5.09E-14,-6.15E-06,6.15E-06,-6.15E-06,6.15E-06
11.84,5.09E-14,-5.08E-06,5.08E-06,-5.08E-06,5.08E-06
11.86,7.63E-14,-4.21E-06,4.21E-06,-4.21E-06,4.21E-06
11.88,8.91E-14,-3.48E-06,3.48E-06,-3.48E-06,3.48E-06
11.9,3.82E-14,-2.88E-06,2.88E-06,-2.88E-06,2.88E-06
11.92,3.82E-14,-2.38E-06,2.38E-06,-2.38E-06,2.38E-06
11.94,3.82E-14,-1.97E-06,1.97E-06,-1.97E-06,1.97E-06
11.96,8.91E-14,-1.63E-06,1.63E-06,-1.63E-06,1.63E-06
11.98,7.63E-14,-1.34E-06,1.34E-06,-1.34E-06,1.34E-06
12,6.36E-14,-1.11E-06,1.11E-06,-1.11E-06,1.11E-06
12.02,6.36E-14,-9.19E-07,9.19E-07,-9.19E-07,9.19E-07
12.04,6.36E-14,-7.59E-07,7.59E-07,-7.59E-07,7.59E-07
12.06,2.54E-14,-6.27E-07,6.27E-07,-6.27E-07,6.27E-07
12.08,7.63E-14,-5.18E-07,5.18E-07,-5.18E-07,5.18E-07
12.1,6.36E-14,-4.28E-07,4.28E-07,-4.28E-07,4.28E-07
12.12,1.27E-14,-3.54E-07,3.54E-07,-3.54E-07,3.54E-07
12.14,3.82E-14,-2.92E-07,2.92E-07,-2.92E-07,2.92E-07
12.16,7.63E-14,-2.41E-07,2.41E-07,-2.41E-07,2.41E-07
12.18,5.09E-14,-1.99E-07,1.99E-07,-1.99E-07,1.99E-07
12.2,8.91E-14,-1.65E-07,1.65E-07,-1.65E-07,1.65E-07
12.22,5.09E-14,-1.36E-07,1.36E-07,-1.36E-07,1.36E-07
12.24,8.91E-14,-1.12E-07,1.12E-07,-1.12E-07,1.12E-07
12.26,6.36E-14,-9.28E-08,9.28E-08,-9.28E-08,9.28E-08
12.28,3.82E-14,-7.66E-08,7.66E-08,-7.66E-08,7.66E-08
12.3,7.63E-14,-6.32E-08,6.32E-08,-6.32E-08,6.32E-08
12.32,5.09E-14,-5.22E-08,5.22E-08,-5.22E-08,5.22E-08
12.34,7.63E-14,-4.31E-08,4.31E-08,-4.31E-08,4.31E-08
12.36,2.54E-14,-3.56E-08,3.56E-08,-3.56E-08,3.56E-08
12.38,5.09E-14,-2.94E-08,2.94E-08,-2.94E-08,2.94E-08
12.4,3.82E-14,-2.42E-08,2.42E-08,-2.42E-08,2.42E-08
12.42,3.82E-14,-2.00E-08,2.00E-08,-2.00E-08,2.00E-08
12.44,5.09E-14,-1.65E-08,1.65E-08,-1.65E-08,1.65E-08
12.46,1.27E-14,-1.36E-08,1.36E-08,-1.36E-08,1.36E-08
12.48,3.82E-14,-1.12E-08,1.12E-08,-1.12E-08,1.12E-08
12.5,3.82E-14,-9.27E-09,9.27E-09,-9.27E-09,9.27E-09
12.52,5.09E-14,-7.65E-09,7.65E-09,-7.65E-09,7.65E-09
12.54,3.82E-14,-6.31E-09,6.31E-09,-6.31E-09,6.31E-09
12.56,6.36E-14,-5.20E-09,5.20E-09,-5.20E-09,5.20E-09
12.58,6.36E-14,-4.29E-09,4.29E-09,-4.29E-09,4.29E-09
12.6,3.82E-14,-3.54E-09,3.54E-09,-3.54E-09,3.54E-09
12.62,3.82E-14,-2.92E-09,2.92E-09,-2.92E-09,2.92E-09
12.64,5.09E-14,-2.41E-09,2.41E-09,-2.41E-09,2.41E-09
12.66,8.91E-14,-1.99E-09,1.99E-09,-1.99E-09,1.99E-09
12.68,5.09E-14,-1.64E-09,1.64E-09,-1.64E-09,1.64E-09
12.7,3.82E-14,-1.35E-09,1.35E-09,-1.35E-09,1.35E-09
12.72,5.09E-14,-1.11E-09,1.11E-09,-1.11E-09,1.11E-09
12.74,6.36E-14,-9.19E-10,9.18E-10,-9.19E-10,9.18E-10
12.76,5.09E-14,-7.57E-10,7.57E-10,-7.57E-10,7.57E-10
12.78,1.27E-14,-6.24E-10,6.24E-10,-6.24E-10,6.24E-10
12.8,3.82E-14,-5.15E-10,5.15E-10,-5.15E-10,5.15E-10
12.82,6.36E-14,-4.24E-10,4.24E-10,-4.24E-10,4.24E-10
12.84,6.36E-14,-3.50E-10,3.50E-10,-3.50E-10,3.50E-10
12.86,6.36E-14,-2.88E-10,2.88E-10,-2.88E-10,2.88E-10
12.88,8.91E-14,-2.38E-10,2.38E-10,-2.38E-10,2.38E-10
12.9,7.63E-14,-1.96E-10,1.96E-10,-1.96E-10,1.96E-10
12.92,5.09E-14,-1.61E-10,1.61E-10,-1.61E-10,1.61E-10
12.94,7.63E-14,-1.33E-10,1.33E-10,-1.33E-10,1.33E-10
12.96,2.54E-14,-1.10E-10,1.10E-10,-1.10E-10,1.10E-10
12.98,3.82E-14,-9.04E-11,9.04E-11,-9.04E-11,9.04E-11
13,3.82E-14,-7.45E-11,7.45E-11,-7.45E-11,7.45E-11
13.02,6.36E-14,-6.14E-11,6.14E-11,-6.14E-11,6.14E-11
13.04,5.09E-14,-5.06E-11,5.06E-11,-5.06E-11,5.06E-11
13.06,5.09E-14,-4.17E-11,4.17E-11,-4.17E-11,4.17E-11
13.08,6.36E-14,-3.43E-11,3.43E-11,-3.43E-11,3.43E-11
13.1,7.63E-14,-2.83E-11,2.83E-11,-2.83E-11,2.83E-11
13.12,1.27E-14,-2.33E-11,2.33E-11,-2.33E-11,2.33E-11
13.14,5.09E-14,-1.92E-11,1.92E-11,-1.92E-11,1.92E-11
13.16,6.36E-14,-1.58E-11,1.58E-11,-1.58E-11,1.58E-11
13.18,7.63E-14,-1.31E-11,1.30E-11,-1.31E-11,1.30E-11
13.2,3.82E-14,-1.07E-11,1.07E-11,-1.07E-11,1.07E-11
13.22,3.82E-14,-8.85E-12,8.85E-12,-8.85E-12,8.85E-12
13.24,5.09E-14,-7.30E-12,7.30E-12,-7.30E-12,7.30E-12
13.26,7.63E-14,-6.00E-12,5.98E-12,-6.00E-12,5.98E-12
13.28,5.09E-14,-4.95E-12,4.91E-12,-4.95E-12,4.91E-12
13.3,8.91E-14,-4.10E-12,4.05E-12,-4.10E-12,4.05E-12
13.32,5.09E-14,-3.36E-12,3.38E-12,-3.36E-12,3.38E-12
13.34,5.09E-14,-2.79E-12,2.77E-12,-2.79E-12,2.77E-12
13.36,1.27E-14,-2.27E-12,2.26E-12,-2.27E-12,2.26E-12
13.38,7.63E-14,-1.92E-12,1.88E-12,-1.92E-12,1.88E-12
13.4,3.82E-14,-1.58E-12,1.58E-12,-1.58E-12,1.58E-12
13.42,3.82E-14,-1.29E-12,1.30E-12,-1.29E-12,1.30E-12
13.44,5.09E-14,-1.11E-12,1.04E-12,-1.11E-12,1.04E-12
13.46,5.09E-14,-9.03E-13,8.65E-13,-9.03E-13,8.65E-13
13.48,6.36E-14,-7.51E-13,7.12E-13,-7.51E-13,7.12E-13
13.5,7.63E-14,-6.17E-13,5.85E-13,-6.17E-13,5.85E-13
13.52,3.82E-14,-4.83E-13,4.58E-13,-4.83E-13,4.58E-13
13.54,3.82E-14,-4.20E-13,4.07E-13,-4.20E-13,4.07E-13
13.56,3.82E-14,-3.50E-13,3.31E-13,-3.50E-13,3.31E-13
13.58,6.36E-14,-2.74E-13,2.54E-13,-2.74E-13,2.54E-13
13.6,5.09E-14,-2.42E-13,2.29E-13,-2.42E-13,2.29E-13
13.62,6.36E-14,-2.16E-13,1.78E-13,-2.16E-13,1.78E-13
13.64,5.09E-14,-2.10E-13,1.78E-13,-2.10E-13,1.78E-13
13.66,7.63E-14,-1.27E-13,1.53E-13,-1.27E-13,1.53E-13
13.68,5.09E-14,-1.02E-13,1.02E-13,-1.02E-13,1.02E-13
13.7,3.82E-14,-1.21E-13,5.09E-14,-1.21E-13,5.09E-14
13.72,3.82E-14,-7.63E-14,7.63E-14,-7.63E-14,7.63E-14
13.74,1.27E-14,-6.36E-14,5.09E-14,-6.36E-14,5.09E-14
13.76,7.63E-14,-8.27E-14,5.09E-14,-8.27E-14,5.09E-14
13.78,3.82E-14,-6.36E-14,5.09E-14,-6.36E-14,5.09E-14
13.8,1.27E-14,-5.09E-14,2.54E-14,-5.09E-14,2.54E-14
13.82,3.82E-14,-2.54E-14,2.54E-14,-2.54E-14,2.54E-14
13.84,3.82E-14,-5.72E-14,2.54E-14,-5.72E-14,2.54E-14
13.86,6.36E-14,-4.45E-14,2.54E-14,-4.45E-14,2.54E-14
13.88,3.82E-14,-3.82E-14,0,-3.82E-14,0
13.9,3.82E-14,-1.27E-14,0,-1.27E-14,0
13.92,6.36E-14,-4.45E-14,0,-4.45E-14,0
13.94,2.54E-14,-2.54E-14,0,-2.54E-14,0
13.96,5.09E-14,0,0,0,0
13.98,3.82E-14,-2.54E-14,-2.54E-14,-2.54E-14,-2.54E-14
14,5.09E-14,-6.36E-14,0,-6.36E-14,0
14.02,2.54E-14,0,-2.54E-14,0,-2.54E-14
14.04,7.63E-14,-6.36E-15,0,-6.36E-15,0
14.06,7.63E-14,-4.45E-14,2.54E-14,-4.45E-14,2.54E-14
14.08,7.63E-14,-3.82E-14,-2.54E-14,-3.82E-14,-2.54E-14
14.1,1.27E-14,-6.36E-15,0,-6.36E-15,0
14.12,5.09E-14,-5.09E-14,0,-5.09E-14,0
14.14,6.36E-14,-1.27E-14,0,-1.27E-14,0
14.16,7.63E-14,-3.82E-14,2.54E-14,-3.82E-14,2.54E-14
14.18,5.09E-14,-2.54E-14,0,-2.54E-14,0
14.2,6.36E-14,-1.27E-14,0,-1.27E-14,0
14.22,7.63E-14,-5.09E-14,0,-5.09E-14,0
14.24,5.09E-14,0,0,0,0
14.26,8.91E-14,-3.82E-14,0,-3.82E-14,0
14.28,5.09E-14,-3.82E-14,0,-3.82E-14,0
14.3,5.09E-14,-4.45E-14,0,-4.45E-14,0
14.32,3.82E-14,0,0,0,0
14.34,5.09E-14,-5.72E-14,2.54E-14,-5.72E-14,2.54E-14
14.36,5.09E-14,-4.45E-14,2.54E-14,-4.45E-14,2.54E-14
14.38,5.09E-14,-1.91E-14,-2.54E-14,-1.91E-14,-2.54E-14
14.4,6.36E-14,-6.36E-14,2.54E-14,-6.36E-14,2.54E-14
14.42,6.36E-14,-1.91E-14,0,-1.91E-14,0
14.44,0,1.91E-14,-2.54E-14,1.91E-14,-2.54E-14
14.46,5.09E-14,-1.91E-14,0,-1.91E-14,0
14.48,5.09E-14,-3.82E-14,2.54E-14,-3.82E-14,2.54E-14
14.5,3.82E-14,-1.27E-14,-2.54E-14,-1.27E-14,-2.54E-14
14.52,1.27E-14,1.27E-14,0,1.27E-14,0
14.54,5.09E-14,-5.09E-14,0,-5.09E-14,0
14.56,6.36E-14,-2.54E-14,0,-2.54E-14,0
14.58,2.54E-14,1.91E-14,-2.54E-14,1.91E-14,-2.54E-14
14.6,3.82E-14,-1.91E-14,0,-1.91E-14,0
14.62,7.63E-14,-1.91E-14,0,-1.91E-14,0
14.64,8.91E-14,-3.82E-14,0,-3.82E-14,0
14.66,5.09E-14,-2.54E-14,-2.54E-14,-2.54E-14,-2.54E-14
14.68,6.36E-14,-2.54E-14,0,-2.54E-14,0
14.7,6.36E-14,-3.18E-14,2.54E-14,-3.18E-14,2.54E-14
14.72,3.82E-14,6.36E-15,0,6.36E-15,0
14.74,6.36E-14,-6.36E-15,-2.54E-14,-6.36E-15,-2.54E-14
14.76,5.09E-14,-1.91E-14,0,-1.91E-14,0
14.78,3.82E-14,-5.09E-14,2.54E-14,-5.09E-14,2.54E-14
14.8,7.63E-14,-3.82E-14,2.54E-14,-3.82E-14,2.54E-14
14.82,7.63E-14,-4.45E-14,2.54E-14,-4.45E-14,2.54E-14
14.84,2.54E-14,-1.27E-14,-2.54E-14,-1.27E-14,-2.54E-14
14.86,6.36E-14,-3.18E-14,0,-3.18E-14,0
14.88,3.82E-14,-1.27E-14,0,-1.27E-14,0
14.9,5.09E-14,-2.54E-14,0,-2.54E-14,0
14.92,6.36E-14,-4.45E-14,2.54E-14,-4.45E-14,2.54E-14
14.94,2.54E-14,0,0,0,0
14.96,7.63E-14,-4.45E-14,2.54E-14,-4.45E-14,2.54E-14
14.98,5.09E-14,-3.18E-14,0,-3.18E-14,0
15,-0.000403446,0.000201727,0.00020172,0.000201727,0.00020172
15.02,-0.490512474,0.24615921,0.244335108,0.24615921,0.244335108
15.04,-1.787768619,0.905519528,0.88137842,0.905519528,0.88137842
15.06,-3.590009187,1.840010008,1.742970522,1.840010008,1.742970522
15.08,-5.682880858,2.948471472,2.706623064,2.948471472,2.706623064
15.1,-7.918454402,4.154581705,3.689224861,4.154581705,3.689224861
15.12,-10.19690699,5.400748891,4.638093497,5.400748891,4.638093497
15.14,-12.45053749,6.643268376,5.522495749,6.643268376,5.522495749
15.16,-14.63387654,7.84999781,6.326920742,7.84999781,6.326920742
15.18,-16.71646679,8.998136904,7.045846704,8.998136904,7.045846704
15.2,-18.67850255,10.07260847,7.680194983,10.07260847,7.680194983
15.22,-20.50802966,11.06464749,8.234748665,11.06464749,8.234748665
15.24,-22.19808718,11.96988851,8.715896211,11.96988851,8.715896211
15.26,-23.74676597,12.78806782,9.131251593,12.78806782,9.131251593
15.28,-25.15494532,13.52123316,9.488254603,13.52123316,9.488254603
15.3,-26.42655067,14.17354474,9.794210562,14.17354474,9.794210562
15.32,-27.56722928,14.75019242,10.05576177,14.75019242,10.05576177
15.34,-28.58427295,15.25715159,10.27895596,15.25715159,10.27895596
15.36,-29.48593245,15.70066305,10.46914005,15.70066305,10.46914005
15.38,-30.28109004,16.08699024,10.63100684,16.08699024,10.63100684
15.4,-30.97891903,16.42221775,10.7686406,16.42221775,10.7686406
15.42,-31.58856341,16.712097,10.8855663,16.712097,10.8855663
15.44,-32.11909807,16.96205591,10.98485211,16.96205591,10.98485211
15.46,-32.57891122,17.17692967,11.06907104,17.17692967,11.06907104
15.48,-32.97607304,17.36119125,11.14046563,17.36119125,11.14046563
15.5,-33.31816766,17.51890515,11.20097334,17.51890515,11.20097334
15.52,-33.61190666,17.65358011,11.2522049,17.65358011,11.2522049
15.54,-33.86342658,17.7683464,11.29554634,17.7683464,11.29554634
15.56,-34.07838392,17.86602491,11.33220657,17.86602491,11.33220657
15.58,-34.26169006,17.94902469,11.36319326,17.94902469,11.36319326
15.6,-34.41764952,18.01942617,11.38935826,18.01942617,11.38935826
15.62,-34.55013677,18.07907589,11.41144266,18.07907589,11.41144266
15.64,-34.66254025,18.12957069,11.43007712,18.12957069,11.43007712
15.66,-34.75771297,18.17224366,11.44578172,18.17224366,11.44578172
15.68,-34.83819599,18.20827194,11.45901012,18.20827194,11.45901012
15.7,-34.9062056,18.23867495,11.47015123,18.23867495,11.47015123
15.72,-34.96358096,18.2642943,11.47952382,18.2642943,11.47952382
15.74,-35.01194546,18.28586899,11.48740567,18.28586899,11.48740567
15.76,-35.05267649,18.3040235,11.49403024,18.3040235,11.49403024
15.78,-35.08694275,18.31928592,11.49959396,18.31928592,11.49959396
15.8,-35.11575084,18.3321097,11.50426482,18.3321097,11.50426482
15.82,-35.13995145,18.34287718,11.50818396,18.34287718,11.50818396
15.84,-35.16026542,18.35191164,11.51147039,18.35191164,11.51147039
15.86,-35.17730558,18.35948746,11.51422485,18.35948746,11.51422485
15.88,-35.19159258,18.36583742,11.51653265,18.36583742,11.51653265
15.9,-35.20356209,18.37115604,11.51846496,18.37115604,11.51846496
15.92,-35.21358527,18.3756089,11.52008225,18.3756089,11.52008225
15.94,-35.22197397,18.37933499,11.52143526,18.37933499,11.52143526
15.96,-35.22899115,18.38245144,11.52256666,18.38245144,11.52256666
15.98,-35.23485831,18.38505682,11.52351236,18.38505682,11.52351236
16,-35.23976142,18.38723389,11.52430248,18.38723389,11.52430248
16.02,-35.24385839,18.38905286,11.52496256,18.38905286,11.52496256
16.04,-35.24727889,18.39057139,11.52551356,18.39057139,11.52551356
16.06,-35.25013364,18.39183868,11.52597336,18.39183868,11.52597336
16.08,-35.25251634,18.39289636,11.52635708,18.39289636,11.52635708
16.1,-35.25450366,18.3937785,11.5266771,18.3937785,11.5266771
16.12,-35.25616026,18.39451382,11.52694384,18.39451382,11.52694384
16.14,-35.25754135,18.39512682,11.5271662,18.39512682,11.5271662
16.16,-35.25869235,18.39563769,11.52735151,18.39563769,11.52735151
16.18,-35.25965091,18.39606313,11.52750582,18.39606313,11.52750582
16.2,-35.26044911,18.39641739,11.52763432,18.39641739,11.52763432
16.22,-35.26111386,18.39671243,11.52774133,18.39671243,11.52774133
16.24,-35.26166698,18.39695791,11.52783036,18.39695791,11.52783036
16.26,-35.26212716,18.39716214,11.52790444,18.39716214,11.52790444
16.28,-35.26251007,18.39733208,11.52796607,18.39733208,11.52796607
16.3,-35.26282845,18.39747338,11.52801732,18.39747338,11.52801732
16.32,-35.26309319,18.39759087,11.52805993,18.39759087,11.52805993
16.34,-35.26331325,18.39768854,11.52809535,18.39768854,11.52809535
16.36,-35.26349612,18.3977697,11.52812479,18.3977697,11.52812479
16.38,-35.26364806,18.39783713,11.52814924,18.39783713,11.52814924
16.4,-35.26377429,18.39789315,11.52816956,18.39789315,11.52816956
16.42,-35.26387912,18.39793967,11.52818643,18.39793967,11.52818643
16.44,-35.26396616,18.3979783,11.52820044,18.3979783,11.52820044
16.46,-35.26403843,18.39801037,11.52821208,18.39801037,11.52821208
16.48,-35.26409841,18.39803699,11.52822173,18.39803699,11.52822173
16.5,-35.26414819,18.39805908,11.52822974,18.39805908,11.52822974
16.52,-35.26418949,18.39807741,11.52823639,18.39807741,11.52823639
16.54,-35.26422376,18.39809262,11.5282419,18.39809262,11.5282419
16.56,-35.26425218,18.39810523,11.52824648,18.39810523,11.52824648
16.58,-35.26427574,18.39811569,11.52825027,18.39811569,11.52825027
16.6,-35.26429529,18.39812436,11.52825342,18.39812436,11.52825342
16.62,-35.26431149,18.39813155,11.52825602,18.39813155,11.52825602
16.64,-35.26432492,18.39813751,11.52825819,18.39813751,11.52825819
16.66,-35.26433605,18.39814245,11.52825998,18.39814245,11.52825998
16.68,-35.26434527,18.39814655,11.52826146,18.39814655,11.52826146
16.7,-35.26435291,18.39814994,11.52826269,18.39814994,11.52826269
16.72,-35.26435924,18.39815275,11.52826371,18.39815275,11.52826371
16.74,-35.26436449,18.39815507,11.52826456,18.39815507,11.52826456
16.76,-35.26436883,18.398157,11.52826525,18.398157,11.52826525
16.78,-35.26437243,18.3981586,11.52826583,18.3981586,11.52826583
16.8,-35.2643754,18.39815992,11.52826631,18.39815992,11.52826631
16.82,-35.26437787,18.39816101,11.52826671,18.39816101,11.52826671
16.84,-35.26437991,18.39816192,11.52826704,18.39816192,11.52826704
16.86,-35.2643816,18.39816267,11.52826731,18.39816267,11.52826731
16.88,-35.264383,18.39816329,11.52826753,18.39816329,11.52826753
16.9,-35.26438415,18.3981638,11.52826772,18.3981638,11.52826772
16.92,-35.26438511,18.39816423,11.52826787,18.39816423,11.52826787
16.94,-35.2643859,18.39816458,11.528268,18.39816458,11.528268
16.96,-35.26438656,18.39816487,11.52826811,18.39816487,11.52826811
16.98,-35.2643871,18.39816511,11.52826819,18.39816511,11.52826819
17,-35.26438755,18.39816531,11.52826827,18.39816531,11.52826827
17.02,-35.26438792,18.39816547,11.52826833,18.39816547,11.52826833
17.04,-35.26438822,18.39816561,11.52826838,18.39816561,11.52826838
17.06,-35.26438848,18.39816572,11.52826842,18.39816572,11.52826842
17.08,-35.26438869,18.39816581,11.52826845,18.39816581,11.52826845
17.1,-35.26438886,18.39816589,11.52826848,18.39816589,11.52826848
17.12,-35.264389,18.39816595,11.5282685,18.39816595,11.5282685
17.14,-35.26438912,18.39816601,11.52826852,18.39816601,11.52826852
17.16,-35.26438922,18.39816605,11.52826854,18.39816605,11.52826854
17.18,-35.2643893,18.39816609,11.52826855,18.39816609,11.52826855
17.2,-35.26438937,18.39816612,11.52826856,18.39816612,11.52826856
17.22,-35.26438942,18.39816614,11.52826857,18.39816614,11.52826857
17.24,-35.26438947,18.39816616,11.52826858,18.39816616,11.52826858
17.26,-35.2643895,18.39816618,11.52826858,18.39816618,11.52826858
17.28,-35.26438954,18.39816619,11.52826859,18.39816619,11.52826859
17.3,-35.26438956,18.3981662,11.52826859,18.3981662,11.52826859
17.32,-35.26438958,18.39816621,11.52826859,18.39816621,11.52826859
17.34,-35.2643896,18.39816622,11.5282686,18.39816622,11.5282686
17.36,-35.26438961,18.39816623,11.5282686,18.39816623,11.5282686
17.38,-35.26438963,18.39816623,11.5282686,18.39816623,11.5282686
17.4,-35.26438964,18.39816624,11.5282686,18.39816624,11.5282686
17.42,-35.26438964,18.39816624,11.5282686,18.39816624,11.5282686
17.44,-35.26438965,18.39816624,11.52826861,18.39816624,11.52826861
17.46,-35.26438966,18.39816624,11.52826861,18.39816624,11.52826861
17.48,-35.26438966,18.39816625,11.52826861,18.39816625,11.52826861
17.5,-35.26438966,18.39816625,11.52826861,18.39816625,11.52826861
17.52,-35.26438967,18.39816625,11.52826861,18.39816625,11.52826861
17.54,-35.26438967,18.39816625,11.52826861,18.39816625,11.52826861
17.56,-35.26438967,18.39816625,11.52826861,18.39816625,11.52826861
17.58,-35.26438967,18.39816625,11.52826861,18.39816625,11.52826861
17.6,-35.26438968,18.39816625,11.52826861,18.39816625,11.52826861
17.62,-35.26438968,18.39816625,11.52826861,18.39816625,11.52826861
17.64,-35.26438968,18.39816625,11.52826861,18.39816625,11.52826861
17.66,-35.26438968,18.39816625,11.52826861,18.39816625,11.52826861
17.68,-35.26438968,18.39816625,11.52826861,18.39816625,11.52826861
17.7,-35.26438968,18.39816626,11.52826861,18.39816626,11.52826861
17.72,-35.26438968,18.39816626,11.52826861,18.39816626,11.52826861
17.74,-35.26438968,18.39816626,11.52826861,18.39816626,11.52826861
17.76,-35.26438968,18.39816626,11.52826861,18.39816626,11.52826861
17.78,-35.26438968,18.39816626,11.52826861,18.39816626,11.52826861
17.8,-35.26438968,18.39816626,11.52826861,18.39816626,11.52826861
17.82,-35.26438968,18.39816626,11.52826861,18.39816626,11.52826861
17.84,-35.26438968,18.39816626,11.52826861,18.39816626,11.52826861
17.86,-35.26438968,18.39816626,11.52826861,18.39816626,11.52826861
17.88,-35.26438968,18.39816626,11.52826861,18.39816626,11.52826861
17.9,-35.26438968,18.39816626,11.52826861,18.39816626,11.52826861
17.92,-35.26438968,18.39816626,11.52826861,18.39816626,11.52826861
17.94,-35.26438968,18.39816626,11.52826861,18.39816626,11.52826861
17.96,-35.26438968,18.39816626,11.52826861,18.39816626,11.52826861
17.98,-35.26438968,18.39816626,11.52826861,18.39816626,11.52826861
18,-35.26438968,18.39816626,11.52826861,18.39816626,11.52826861
18.02,-35.26438968,18.39816626,11.52826861,18.39816626,11.52826861
18.04,-35.26438968,18.39816626,11.52826861,18.39816626,11.52826861
18.06,-35.26438968,18.39816626,11.52826861,18.39816626,11.52826861
18.08,-35.26438968,18.39816626,11.52826861,18.39816626,11.52826861
18.1,-35.26438968,18.39816626,11.52826861,18.39816626,11.52826861
18.12,-35.26438968,18.39816626,11.52826861,18.39816626,11.52826861
18.14,-35.26438968,18.39816626,11.52826861,18.39816626,11.52826861
18.16,-35.26438968,18.39816626,11.52826861,18.39816626,11.52826861
18.18,-35.26438968,18.39816626,11.52826861,18.39816626,11.52826861
18.2,-35.26438968,18.39816626,11.52826861,18.39816626,11.52826861
18.22,-35.26438968,18.39816626,11.52826861,18.39816626,11.52826861
18.24,-35.26438968,18.39816626,11.52826861,18.39816626,11.52826861
18.26,-35.26438968,18.39816626,11.52826861,18.39816626,11.52826861
18.28,-35.26438968,18.39816626,11.52826861,18.39816626,11.52826861
18.3,-35.26438968,18.39816626,11.52826861,18.39816626,11.52826861
18.32,-35.26438968,18.39816626,11.52826861,18.39816626,11.52826861
18.34,-35.26438968,18.39816626,11.52826861,18.39816626,11.52826861
18.36,-35.26438968,18.39816626,11.52826861,18.39816626,11.52826861
18.38,-35.26438968,18.39816626,11.52826861,18.39816626,11.52826861
18.4,-35.26438968,18.39816626,11.52826861,18.39816626,11.52826861
18.42,-35.26438968,18.39816626,11.52826861,18.39816626,11.52826861
18.44,-35.26438968,18.39816626,11.52826861,18.39816626,11.52826861
18.46,-35.26438968,18.39816626,11.52826861,18.39816626,11.52826861
18.48,-35.26438968,18.39816626,11.52826861,18.39816626,11.52826861
18.5,-35.26438968,18.39816626,11.52826861,18.39816626,11.52826861
18.52,-35.26438968,18.39816626,11.52826861,18.39816626,11.52826861
18.54,-35.26438968,18.39816626,11.52826861,18.39816626,11.52826861
18.56,-35.26438968,18.39816626,11.52826861,18.39816626,11.52826861
18.58,-35.26438968,18.39816626,11.52826861,18.39816626,11.52826861
18.6,-35.26438968,18.39816626,11.52826861,18.39816626,11.52826861
18.62,-35.26438968,18.39816626,11.52826861,18.39816626,11.52826861
18.64,-35.26438968,18.39816626,11.52826861,18.39816626,11.52826861
18.66,-35.26438968,18.39816626,11.52826861,18.39816626,11.52826861
18.68,-35.26438968,18.39816626,11.52826861,18.39816626,11.52826861
18.7,-35.26438968,18.39816626,11.52826861,18.39816626,11.52826861
18.72,-35.26438968,18.39816626,11.52826861,18.39816626,11.52826861
18.74,-35.26438968,18.39816626,11.52826861,18.39816626,11.52826861
18.76,-35.26438968,18.39816626,11.52826861,18.39816626,11.52826861
18.78,-35.26438968,18.39816626,11.52826861,18.39816626,11.52826861
18.8,-35.26438968,18.39816626,11.52826861,18.39816626,11.52826861
18.82,-35.26438968,18.39816626,11.52826861,18.39816626,11.52826861
18.84,-35.26438968,18.39816626,11.52826861,18.39816626,11.52826861
18.86,-35.26438968,18.39816626,11.52826861,18.39816626,11.52826861
18.88,-35.26438968,18.39816626,11.52826861,18.39816626,11.52826861
18.9,-35.26438968,18.39816626,11.52826861,18.39816626,11.52826861
18.92,-35.26438968,18.39816626,11.52826861,18.39816626,11.52826861
18.94,-35.26438968,18.39816626,11.52826861,18.39816626,11.52826861
18.96,-35.26438968,18.39816626,11.52826861,18.39816626,11.52826861
18.98,-35.26438968,18.39816626,11.52826861,18.39816626,11.52826861
19,-35.26438968,18.39816626,11.52826861,18.39816626,11.52826861
19.02,-35.26438968,18.39816626,11.52826861,18.39816626,11.52826861
19.04,-35.26438968,18.39816626,11.52826861,18.39816626,11.52826861
19.06,-35.26438968,18.39816626,11.52826861,18.39816626,11.52826861
19.08,-35.26438968,18.39816626,11.52826861,18.39816626,11.52826861
19.1,-35.26438968,18.39816626,11.52826861,18.39816626,11.52826861
19.12,-35.26438968,18.39816626,11.52826861,18.39816626,11.52826861
19.14,-35.26438968,18.39816626,11.52826861,18.39816626,11.52826861
19.16,-35.26438968,18.39816626,11.52826861,18.39816626,11.52826861
19.18,-35.26438968,18.39816626,11.52826861,18.39816626,11.52826861
19.2,-35.26438968,18.39816626,11.52826861,18.39816626,11.52826861
19.22,-35.26438968,18.39816626,11.52826861,18.39816626,11.52826861
19.24,-35.26438968,18.39816626,11.52826861,18.39816626,11.52826861
19.26,-35.26438968,18.39816626,11.52826861,18.39816626,11.52826861
19.28,-35.26438968,18.39816626,11.52826861,18.39816626,11.52826861
19.3,-35.26438968,18.39816626,11.52826861,18.39816626,11.52826861
19.32,-35.26438968,18.39816626,11.52826861,18.39816626,11.52826861
19.34,-35.26438968,18.39816626,11.52826861,18.39816626,11.52826861
19.36,-35.26438968,18.39816626,11.52826861,18.39816626,11.52826861
19.38,-35.26438968,18.39816626,11.52826861,18.39816626,11.52826861
19.4,-35.26438968,18.39816626,11.52826861,18.39816626,11.52826861
19.42,-35.26438968,18.39816626,11.52826861,18.39816626,11.52826861
19.44,-35.26438968,18.39816626,11.52826861,18.39816626,11.52826861
19.46,-35.26438968,18.39816626,11.52826861,18.39816626,11.52826861
19.48,-35.26438968,18.39816626,11.52826861,18.39816626,11.52826861
19.5,-35.26438968,18.39816626,11.52826861,18.39816626,11.52826861
19.52,-35.26438968,18.39816626,11.52826861,18.39816626,11.52826861
19.54,-35.26438968,18.39816626,11.52826861,18.39816626,11.52826861
19.56,-35.26438968,18.39816626,11.52826861,18.39816626,11.52826861
19.58,-35.26438968,18.39816626,11.52826861,18.39816626,11.52826861
19.6,-35.26438968,18.39816626,11.52826861,18.39816626,11.52826861
19.62,-35.26438968,18.39816626,11.52826861,18.39816626,11.52826861
19.64,-35.26438968,18.39816626,11.52826861,18.39816626,11.52826861
19.66,-35.26438968,18.39816626,11.52826861,18.39816626,11.52826861
19.68,-35.26438968,18.39816626,11.52826861,18.39816626,11.52826861
19.7,-35.26438968,18.39816626,11.52826861,18.39816626,11.52826861
19.72,-35.26438968,18.39816626,11.52826861,18.39816626,11.52826861
19.74,-35.26438968,18.39816626,11.52826861,18.39816626,11.52826861
19.76,-35.26438968,18.39816626,11.52826861,18.39816626,11.52826861
19.78,-35.26438968,18.39816626,11.52826861,18.39816626,11.52826861
19.8,-35.26438968,18.39816626,11.52826861,18.39816626,11.52826861
19.82,-35.26438968,18.39816626,11.52826861,18.39816626,11.52826861
19.84,-35.26438968,18.39816626,11.52826861,18.39816626,11.52826861
19.86,-35.26438968,18.39816626,11.52826861,18.39816626,11.52826861
19.88,-35.26438968,18.39816626,11.52826861,18.39816626,11.52826861
19.9,-35.26438968,18.39816626,11.52826861,18.39816626,11.52826861
19.92,-35.26438968,18.39816626,11.52826861,18.39816626,11.52826861
19.94,-35.26438968,18.39816626,11.52826861,18.39816626,11.52826861
19.96,-35.26438968,18.39816626,11.52826861,18.39816626,11.52826861
19.98,-35.26438968,18.39816626,11.52826861,18.39816626,11.52826861
20,-35.25866977,18.39562757,11.52734779,18.39562757,11.52734779
20.02,-34.35259071,17.99006262,11.37844769,17.99006262,11.37844769
20.04,-32.26097171,17.02851645,11.01100353,17.02851645,11.01100353
20.06,-29.57394783,15.74360186,10.48726727,15.74360186,10.48726727
20.08,-26.68338805,14.30410256,9.85415056,14.30410256,9.85415056
20.1,-23.81774203,12.82527914,9.149714811,12.82527914,9.149714811
20.12,-21.09903579,11.38255065,8.406366303,11.38255065,8.406366303
20.14,-18.58517868,10.02172988,7.650990602,10.02172988,7.650990602
20.16,-16.29789113,8.767857419,6.905145272,8.767857419,6.905145272
20.18,-14.23918692,7.631916453,6.185337049,7.631916453,6.185337049
20.2,-12.40045435,6.615596857,5.503445594,6.615596857,5.503445594
20.22,-10.76810638,5.715012816,4.867407465,5.715012816,4.867407465
20.24,-9.325859825,4.922766607,4.281760045,4.922766607,4.281760045
20.26,-8.057179132,4.23003926,3.748529924,4.23003926,3.748529924
20.28,-6.944903832,3.626922349,3.267471878,3.626922349,3.267471878
20.3,-5.973400934,3.104030784,2.837147095,3.104030784,2.837147095
20.32,-5.127515704,2.652142529,2.454950011,2.652142529,2.454950011
20.34,-4.392897162,2.262531552,2.117505467,2.262531552,2.117505467
20.36,-3.756838144,1.927506934,1.82127898,1.927506934,1.82127898
20.38,-3.207488458,1.639995929,1.562477359,1.639995929,1.562477359
20.4,-2.734229562,1.393750363,1.337370148,1.393750363,1.337370148
20.42,-2.327227936,1.183088736,1.142221576,1.183088736,1.142221576
20.44,-1.978099532,1.003229846,0.973691738,1.003229846,0.973691738
20.46,-1.679168474,0.849869997,0.828577717,0.849869997,0.828577717
20.48,-1.423656056,0.719262873,0.703953838,0.719262873,0.703953838
20.5,-1.205608217,0.608160774,0.597180624,0.608160774,0.597180624
20.52,-1.019869799,0.51378339,0.505924868,0.51378339,0.505924868
20.54,-0.861860628,0.433687844,0.42807529,0.433687844,0.42807529
20.56,-0.727656166,0.365799354,0.361798125,0.365799354,0.361798125
20.58,-0.613758957,0.3082852,0.305438543,0.3082852,0.305438543
20.6,-0.517254031,0.259627413,0.25760554,0.259627413,0.25760554
20.62,-0.435584337,0.21850283,0.217068918,0.21850283,0.217068918
20.64,-0.366511898,0.183759789,0.18274461,0.183759789,0.18274461
20.66,-0.308174419,0.154443848,0.153726113,0.154443848,0.153726113
20.68,-0.258944313,0.129724205,0.129217463,0.129724205,0.129217463
20.7,-0.217434972,0.108895353,0.108538054,0.108895353,0.108538054
20.72,-0.182472484,0.091361604,0.091109954,0.091361604,0.091109954
20.74,-0.153032788,0.076604617,0.076427625,0.076604617,0.076427625
20.76,-0.128272078,0.064198053,0.064073704,0.064198053,0.064073704
20.78,-0.107463868,0.053775481,0.053688197,0.053775481,0.053688197
20.8,-0.089979206,0.045020142,0.044958954,0.045020142,0.044958954
20.82,-0.075304721,0.037673757,0.037630899,0.037673757,0.037630899
20.84,-0.062993005,0.031511478,0.031481489,0.031511478,0.031481489
20.86,-0.052671303,0.026346124,0.026325157,0.026346124,0.026325157
20.88,-0.04402201,0.022018322,0.022003675,0.022018322,0.022003675
20.9,-0.036776451,0.018393332,0.018383111,0.018393332,0.018383111
20.92,-0.030711727,0.015359426,0.015352297,0.015359426,0.015352297
20.94,-0.025638161,0.012821563,0.012816595,0.012821563,0.012816595
20.96,-0.021393536,0.010698497,0.010695038,0.010698497,0.010695038
20.98,-0.017845744,0.008924075,0.008921668,0.008924075,0.008921668
21,-0.014881173,0.007441423,0.007439749,0.007441423,0.007439749
21.02,-0.01240533,0.006203246,0.006202083,0.006203246,0.006202083
21.04,-0.01033775,0.005169279,0.005168471,0.005169279,0.005168471
21.06,-0.008612119,0.00430634,0.004305779,0.00430634,0.004305779
21.08,-0.007172509,0.003586449,0.00358606,0.003586449,0.00358606
21.1,-0.005972027,0.002986148,0.002985879,0.002986148,0.002985879
21.12,-0.004970797,0.002485492,0.002485305,0.002485492,0.002485305
21.14,-0.004136379,0.002068254,0.002068125,0.002068254,0.002068125
21.16,-0.003441173,0.001720631,0.001720542,0.001720631,0.001720542
21.18,-0.002862186,0.001431124,0.001431062,0.001431124,0.001431062
21.2,-0.002379873,0.001189958,0.001189915,0.001189958,0.001189915
21.22,-0.001978442,0.000989236,0.000989206,0.000989236,0.000989206
21.24,-0.001644348,0.000822184,0.000822164,0.000822184,0.000822164
21.26,-0.001366386,0.0006832,0.000683186,0.0006832,0.000683186
21.28,-0.00113512,0.000567565,0.000567555,0.000567565,0.000567555
21.3,-0.000942818,0.000471412,0.000471406,0.000471412,0.000471406
21.32,-0.000782933,0.000391469,0.000391464,0.000391469,0.000391464
21.34,-0.00065006,0.000325032,0.000325029,0.000325032,0.000325029
21.36,-0.000539596,0.000269799,0.000269797,0.000269799,0.000269797
21.38,-0.00044783,0.000223916,0.000223914,0.000223916,0.000223914
21.4,-0.000371613,0.000185807,0.000185806,0.000185807,0.000185806
21.42,-0.000308302,0.000154151,0.000154151,0.000154151,0.000154151
21.44,-0.000255733,0.000127867,0.000127866,0.000127867,0.000127866
21.46,-0.000212095,0.000106048,0.000106047,0.000106048,0.000106047
21.48,-0.000175873,8.79E-05,8.79E-05,8.79E-05,8.79E-05
21.5,-0.00014582,7.29E-05,7.29E-05,7.29E-05,7.29E-05
21.52,-0.000120876,6.04E-05,6.04E-05,6.04E-05,6.04E-05
21.54,-0.000100185,5.01E-05,5.01E-05,5.01E-05,5.01E-05
21.56,-8.30E-05,4.15E-05,4.15E-05,4.15E-05,4.15E-05
21.58,-6.88E-05,3.44E-05,3.44E-05,3.44E-05,3.44E-05
21.6,-5.70E-05,2.85E-05,2.85E-05,2.85E-05,2.85E-05
21.62,-4.72E-05,2.36E-05,2.36E-05,2.36E-05,2.36E-05
21.64,-3.91E-05,1.96E-05,1.96E-05,1.96E-05,1.96E-05
21.66,-3.24E-05,1.62E-05,1.62E-05,1.62E-05,1.62E-05
21.68,-2.68E-05,1.34E-05,1.34E-05,1.34E-05,1.34E-05
21.7,-2.22E-05,1.11E-05,1.11E-05,1.11E-05,1.11E-05
21.72,-1.84E-05,9.19E-06,9.19E-06,9.19E-06,9.19E-06
21.74,-1.52E-05,7.61E-06,7.61E-06,7.61E-06,7.61E-06
21.76,-1.26E-05,6.29E-06,6.29E-06,6.29E-06,6.29E-06
21.78,-1.04E-05,5.21E-06,5.21E-06,5.21E-06,5.21E-06
21.8,-8.62E-06,4.31E-06,4.31E-06,4.31E-06,4.31E-06
21.82,-7.13E-06,3.57E-06,3.57E-06,3.57E-06,3.57E-06
21.84,-5.90E-06,2.95E-06,2.95E-06,2.95E-06,2.95E-06
21.86,-4.88E-06,2.44E-06,2.44E-06,2.44E-06,2.44E-06
21.88,-4.04E-06,2.02E-06,2.02E-06,2.02E-06,2.02E-06
21.9,-3.34E-06,1.67E-06,1.67E-06,1.67E-06,1.67E-06
21.92,-2.76E-06,1.38E-06,1.38E-06,1.38E-06,1.38E-06
21.94,-2.28E-06,1.14E-06,1.14E-06,1.14E-06,1.14E-06
21.96,-1.89E-06,9.43E-07,9.43E-07,9.43E-07,9.43E-07
21.98,-1.56E-06,7.80E-07,7.80E-07,7.80E-07,7.80E-07
22,-1.29E-06,6.45E-07,6.45E-07,6.45E-07,6.45E-07
22.02,-1.07E-06,5.33E-07,5.33E-07,5.33E-07,5.33E-07
22.04,-8.81E-07,4.40E-07,4.40E-07,4.40E-07,4.40E-07
22.06,-7.28E-07,3.64E-07,3.64E-07,3.64E-07,3.64E-07
22.08,-6.01E-07,3.01E-07,3.01E-07,3.01E-07,3.01E-07
22.1,-4.97E-07,2.48E-07,2.48E-07,2.48E-07,2.48E-07
22.12,-4.11E-07,2.05E-07,2.05E-07,2.05E-07,2.05E-07
22.14,-3.39E-07,1.70E-07,1.70E-07,1.70E-07,1.70E-07
22.16,-2.80E-07,1.40E-07,1.40E-07,1.40E-07,1.40E-07
22.18,-2.31E-07,1.16E-07,1.16E-07,1.16E-07,1.16E-07
22.2,-1.91E-07,9.56E-08,9.56E-08,9.56E-08,9.56E-08
22.22,-1.58E-07,7.89E-08,7.89E-08,7.89E-08,7.89E-08
22.24,-1.30E-07,6.52E-08,6.52E-08,6.52E-08,6.52E-08
22.26,-1.08E-07,5.38E-08,5.38E-08,5.38E-08,5.38E-08
22.28,-8.89E-08,4.44E-08,4.44E-08,4.44E-08,4.44E-08
22.3,-7.34E-08,3.67E-08,3.67E-08,3.67E-08,3.67E-08
22.32,-6.06E-08,3.03E-08,3.03E-08,3.03E-08,3.03E-08
22.34,-5.00E-08,2.50E-08,2.50E-08,2.50E-08,2.50E-08
22.36,-4.13E-08,2.06E-08,2.06E-08,2.06E-08,2.06E-08
22.38,-3.41E-08,1.70E-08,1.70E-08,1.70E-08,1.70E-08
22.4,-2.81E-08,1.41E-08,1.41E-08,1.41E-08,1.41E-08
22.42,-2.32E-08,1.16E-08,1.16E-08,1.16E-08,1.16E-08
22.44,-1.91E-08,9.57E-09,9.57E-09,9.57E-09,9.57E-09
22.46,-1.58E-08,7.90E-09,7.90E-09,7.90E-09,7.90E-09
22.48,-1.30E-08,6.52E-09,6.52E-09,6.52E-09,6.52E-09
22.5,-1.08E-08,5.38E-09,5.38E-09,5.38E-09,5.38E-09
22.52,-8.87E-09,4.44E-09,4.44E-09,4.44E-09,4.44E-09
22.54,-7.32E-09,3.66E-09,3.66E-09,3.66E-09,3.66E-09
22.56,-6.04E-09,3.02E-09,3.02E-09,3.02E-09,3.02E-09
22.58,-4.98E-09,2.49E-09,2.49E-09,2.49E-09,2.49E-09
22.6,-4.11E-09,2.05E-09,2.05E-09,2.05E-09,2.05E-09
22.62,-3.39E-09,1.69E-09,1.69E-09,1.69E-09,1.69E-09
22.64,-2.80E-09,1.40E-09,1.40E-09,1.40E-09,1.40E-09
22.66,-2.31E-09,1.15E-09,1.15E-09,1.15E-09,1.15E-09
22.68,-1.90E-09,9.50E-10,9.50E-10,9.50E-10,9.50E-10
22.7,-1.57E-09,7.84E-10,7.84E-10,7.84E-10,7.84E-10
22.72,-1.29E-09,6.46E-10,6.46E-10,6.46E-10,6.46E-10
22.74,-1.07E-09,5.33E-10,5.33E-10,5.33E-10,5.33E-10
22.76,-8.79E-10,4.39E-10,4.39E-10,4.39E-10,4.39E-10
22.78,-7.24E-10,3.62E-10,3.62E-10,3.62E-10,3.62E-10
22.8,-5.97E-10,2.99E-10,2.99E-10,2.99E-10,2.99E-10
22.82,-4.92E-10,2.46E-10,2.46E-10,2.46E-10,2.46E-10
22.84,-4.06E-10,2.03E-10,2.03E-10,2.03E-10,2.03E-10
22.86,-3.34E-10,1.67E-10,1.67E-10,1.67E-10,1.67E-10
22.88,-2.76E-10,1.38E-10,1.38E-10,1.38E-10,1.38E-10
22.9,-2.27E-10,1.14E-10,1.14E-10,1.14E-10,1.14E-10
22.92,-1.87E-10,9.37E-11,9.37E-11,9.37E-11,9.37E-11
22.94,-1.54E-10,7.72E-11,7.72E-11,7.72E-11,7.72E-11
22.96,-1.27E-10,6.36E-11,6.37E-11,6.36E-11,6.37E-11
22.98,-1.05E-10,5.24E-11,5.24E-11,5.24E-11,5.24E-11
23,-8.64E-11,4.32E-11,4.32E-11,4.32E-11,4.32E-11
23.02,-7.12E-11,3.56E-11,3.56E-11,3.56E-11,3.56E-11
23.04,-5.86E-11,2.93E-11,2.93E-11,2.93E-11,2.93E-11
23.06,-4.83E-11,2.41E-11,2.41E-11,2.41E-11,2.41E-11
23.08,-3.98E-11,1.99E-11,1.99E-11,1.99E-11,1.99E-11
23.1,-3.28E-11,1.64E-11,1.64E-11,1.64E-11,1.64E-11
23.12,-2.70E-11,1.35E-11,1.35E-11,1.35E-11,1.35E-11
23.14,-2.23E-11,1.11E-11,1.11E-11,1.11E-11,1.11E-11
23.16,-1.83E-11,9.15E-12,9.16E-12,9.15E-12,9.16E-12
23.18,-1.51E-11,7.54E-12,7.56E-12,7.54E-12,7.56E-12
23.2,-1.24E-11,6.24E-12,6.21E-12,6.24E-12,6.21E-12
23.22,-1.02E-11,5.11E-12,5.14E-12,5.11E-12,5.14E-12
23.24,-8.38E-12,4.22E-12,4.20E-12,4.22E-12,4.20E-12
23.26,-6.88E-12,3.45E-12,3.46E-12,3.45E-12,3.46E-12
23.28,-5.66E-12,2.82E-12,2.85E-12,2.82E-12,2.85E-12
23.3,-4.68E-12,2.37E-12,2.37E-12,2.37E-12,2.37E-12
23.32,-3.84E-12,1.92E-12,1.93E-12,1.92E-12,1.93E-12
23.34,-3.17E-12,1.58E-12,1.60E-12,1.58E-12,1.60E-12
23.36,-2.57E-12,1.29E-12,1.32E-12,1.29E-12,1.32E-12
23.38,-2.16E-12,1.05E-12,1.09E-12,1.05E-12,1.09E-12
23.4,-1.74E-12,8.91E-13,8.91E-13,8.91E-13,8.91E-13
23.42,-1.44E-12,7.06E-13,7.12E-13,7.06E-13,7.12E-13
23.44,-1.16E-12,5.85E-13,6.11E-13,5.85E-13,6.11E-13
23.46,-9.41E-13,4.58E-13,4.83E-13,4.58E-13,4.83E-13
23.48,-7.76E-13,4.07E-13,4.33E-13,4.07E-13,4.33E-13
23.5,-6.23E-13,3.43E-13,3.82E-13,3.43E-13,3.82E-13
23.52,-5.22E-13,2.74E-13,2.54E-13,2.74E-13,2.54E-13
23.54,-3.94E-13,2.04E-13,2.54E-13,2.04E-13,2.54E-13
23.56,-3.18E-13,1.72E-13,1.78E-13,1.72E-13,1.78E-13
23.58,-2.54E-13,1.59E-13,1.78E-13,1.59E-13,1.78E-13
23.6,-2.16E-13,9.54E-14,1.53E-13,9.54E-14,1.53E-13
23.62,-1.91E-13,8.91E-14,1.02E-13,8.91E-14,1.02E-13
23.64,-1.27E-13,6.36E-14,7.63E-14,6.36E-14,7.63E-14
23.66,-1.02E-13,5.09E-14,5.09E-14,5.09E-14,5.09E-14
23.68,-3.82E-14,1.27E-14,5.09E-14,1.27E-14,5.09E-14
23.7,-8.91E-14,5.72E-14,2.54E-14,5.72E-14,2.54E-14
23.72,-1.27E-14,1.27E-14,5.09E-14,1.27E-14,5.09E-14
23.74,0,-6.36E-15,2.54E-14,-6.36E-15,2.54E-14
23.76,0,6.36E-15,0,6.36E-15,0
23.78,-1.27E-14,-6.36E-15,0,-6.36E-15,0
23.8,3.82E-14,-2.54E-14,2.54E-14,-2.54E-14,2.54E-14
23.82,6.36E-14,-3.18E-14,2.54E-14,-3.18E-14,2.54E-14
23.84,2.54E-14,-2.54E-14,2.54E-14,-2.54E-14,2.54E-14
23.86,2.54E-14,-5.09E-14,2.54E-14,-5.09E-14,2.54E-14
23.88,6.36E-14,-2.54E-14,2.54E-14,-2.54E-14,2.54E-14
23.9,3.82E-14,-3.82E-14,0,-3.82E-14,0
23.92,7.63E-14,-3.18E-14,0,-3.18E-14,0
23.94,3.82E-14,6.36E-15,0,6.36E-15,0
23.96,6.36E-14,-5.09E-14,0,-5.09E-14,0
23.98,3.82E-14,-1.27E-14,2.54E-14,-1.27E-14,2.54E-14
24,6.36E-14,-5.72E-14,2.54E-14,-5.72E-14,2.54E-14
24.02,6.36E-14,-6.36E-15,0,-6.36E-15,0
24.04,5.09E-14,-4.45E-14,2.54E-14,-4.45E-14,2.54E-14
24.06,3.82E-14,-1.91E-14,2.54E-14,-1.91E-14,2.54E-14
24.08,7.63E-14,-3.82E-14,0,-3.82E-14,0
24.1,6.36E-14,-3.82E-14,0,-3.82E-14,0
24.12,1.27E-14,-1.91E-14,-2.54E-14,-1.91E-14,-2.54E-14
24.14,-1.27E-14,2.54E-14,0,2.54E-14,0
24.16,5.09E-14,-3.18E-14,0,-3.18E-14,0
24.18,1.27E-14,0,-2.54E-14,0,-2.54E-14
24.2,6.36E-14,-5.72E-14,0,-5.72E-14,0
24.22,3.82E-14,-3.18E-14,-2.54E-14,-3.18E-14,-2.54E-14
24.24,5.09E-14,-1.27E-14,0,-1.27E-14,0
24.26,5.09E-14,-1.91E-14,0,-1.91E-14,0
24.28,7.63E-14,-4.45E-14,2.54E-14,-4.45E-14,2.54E-14
24.3,5.09E-14,-1.91E-14,0,-1.91E-14,0
24.32,7.63E-14,-4.45E-14,0,-4.45E-14,0
24.34,7.63E-14,-6.36E-15,-2.54E-14,-6.36E-15,-2.54E-14
24.36,3.82E-14,0,0,0,0
24.38,3.82E-14,-2.54E-14,-2.54E-14,-2.54E-14,-2.54E-14
24.4,6.36E-14,-3.82E-14,0,-3.82E-14,0
24.42,3.82E-14,-2.54E-14,-2.54E-14,-2.54E-14,-2.54E-14
24.44,5.09E-14,-3.82E-14,0,-3.82E-14,0
24.46,5.09E-14,-2.54E-14,0,-2.54E-14,0
24.48,5.09E-14,-1.27E-14,0,-1.27E-14,0
24.5,3.82E-14,0,0,0,0
24.52,5.09E-14,-1.91E-14,0,-1.91E-14,0
24.54,6.36E-14,-2.54E-14,0,-2.54E-14,0
24.56,3.82E-14,-1.91E-14,-2.54E-14,-1.91E-14,-2.54E-14
24.58,3.82E-14,6.36E-15,0,6.36E-15,0
24.6,3.82E-14,0,0,0,0
24.62,3.82E-14,-1.27E-14,-2.54E-14,-1.27E-14,-2.54E-14
24.64,5.09E-14,-2.54E-14,0,-2.54E-14,0
24.66,3.82E-14,-1.27E-14,0,-1.27E-14,0
24.68,5.09E-14,-1.27E-14,-2.54E-14,-1.27E-14,-2.54E-14
24.7,1.27E-14,-6.36E-15,0,-6.36E-15,0
24.72,8.91E-14,-6.36E-14,0,-6.36E-14,0
24.74,5.09E-14,-5.09E-14,2.54E-14,-5.09E-14,2.54E-14
24.76,3.82E-14,-6.36E-15,0,-6.36E-15,0
24.78,5.09E-14,-3.18E-14,0,-3.18E-14,0
24.8,5.09E-14,-3.82E-14,0,-3.82E-14,0
24.82,2.54E-14,-1.27E-14,2.54E-14,-1.27E-14,2.54E-14
24.84,7.63E-14,-5.72E-14,5.09E-14,-5.72E-14,5.09E-14
24.86,6.36E-14,-1.27E-14,0,-1.27E-14,0
24.88,3.82E-14,0,-2.54E-14,0,-2.54E-14
24.9,1.27E-14,1.27E-14,-2.54E-14,1.27E-14,-2.54E-14
24.92,6.36E-14,-1.91E-14,0,-1.91E-14,0
24.94,1.27E-14,-1.27E-14,-2.54E-14,-1.27E-14,-2.54E-14
24.96,3.82E-14,-1.91E-14,0,-1.91E-14,0
24.98,2.54E-14,1.91E-14,0,1.91E-14,0
25,-0.000150421,-0.000150421,-0.000150421,-0.000150421,-0.000150421
25.02,-0.467597284,-0.467597284,-0.467597284,-0.467597284,-0.467597284
25.04,-1.747454066,-1.747454066,-1.747454066,-1.747454066,-1.747454066
25.06,-3.534121089,-3.534121089,-3.534121089,-3.534121089,-3.534121089
25.08,-5.601547296,-5.601547296,-5.601547296,-5.601547296,-5.601547296
25.1,-7.788888433,-7.788888433,-7.788888433,-7.788888433,-7.788888433
25.12,-9.985005753,-9.985005753,-9.985005753,-9.985005753,-9.985005753
25.14,-12.11478793,-12.11478793,-12.11478793,-12.11478793,-12.11478793
25.16,-14.13000566,-14.13000566,-14.13000566,-14.13000566,-14.13000566
25.18,-16.00239443,-16.00239443,-16.00239443,-16.00239443,-16.00239443
25.2,-17.71749456,-17.71749456,-17.71749456,-17.71749456,-17.71749456
25.22,-19.27067645,-19.27067645,-19.27067645,-19.27067645,-19.27067645
25.24,-20.66420915,-20.66420915,-20.66420915,-20.66420915,-20.66420915
25.26,-21.90531214,-21.90531214,-21.90531214,-21.90531214,-21.90531214
25.28,-23.00315992,-23.00315992,-23.00315992,-23.00315992,-23.00315992
25.3,-23.96897867,-23.96897867,-23.96897867,-23.96897867,-23.96897867
25.32,-24.81447228,-24.81447228,-24.81447228,-24.81447228,-24.81447228
25.34,-25.55169466,-25.55169466,-25.55169466,-25.55169466,-25.55169466
25.36,-26.19205476,-26.19205476,-26.19205476,-26.19205476,-26.19205476
25.38,-26.74638377,-26.74638377,-26.74638377,-26.74638377,-26.74638377
25.4,-27.22480944,-27.22480944,-27.22480944,-27.22480944,-27.22480944
25.42,-27.63679478,-27.63679478,-27.63679478,-27.63679478,-27.63679478
25.44,-27.99058422,-27.99058422,-27.99058422,-27.99058422,-27.99058422
25.46,-28.29375622,-28.29375622,-28.29375622,-28.29375622,-28.29375622
25.48,-28.55300873,-28.55300873,-28.55300873,-28.55300873,-28.55300873
25.5,-28.77438944,-28.77438944,-28.77438944,-28.77438944,-28.77438944
25.52,-28.96303631,-28.96303631,-28.96303631,-28.96303631,-28.96303631
25.54,-29.12356568,-29.12356568,-29.12356568,-29.12356568,-29.12356568
25.56,-29.25994756,-29.25994756,-29.25994756,-29.25994756,-29.25994756
25.58,-29.37571263,-29.37571263,-29.37571263,-29.37571263,-29.37571263
25.6,-29.47381931,-29.47381931,-29.47381931,-29.47381931,-29.47381931
25.62,-29.55686954,-29.55686954,-29.55686954,-29.55686954,-29.55686954
25.64,-29.62708747,-29.62708747,-29.62708747,-29.62708747,-29.62708747
25.66,-29.68642787,-29.68642787,-29.68642787,-29.68642787,-29.68642787
25.68,-29.73650159,-29.73650159,-29.73650159,-29.73650159,-29.73650159
25.7,-29.77872288,-29.77872288,-29.77872288,-29.77872288,-29.77872288
25.72,-29.81429612,-29.81429612,-29.81429612,-29.81429612,-29.81429612
25.74,-29.84424738,-29.84424738,-29.84424738,-29.84424738,-29.84424738
25.76,-29.86943936,-29.86943936,-29.86943936,-29.86943936,-29.86943936
25.78,-29.89061679,-29.89061679,-29.89061679,-29.89061679,-29.89061679
25.8,-29.90840318,-29.90840318,-29.90840318,-29.90840318,-29.90840318
25.82,-29.92334001,-29.92334001,-29.92334001,-29.92334001,-29.92334001
25.84,-29.93587035,-29.93587035,-29.93587035,-29.93587035,-29.93587035
25.86,-29.94637507,-29.94637507,-29.94637507,-29.94637507,-29.94637507
25.88,-29.95518065,-29.95518065,-29.95518065,-29.95518065,-29.95518065
25.9,-29.96255529,-29.96255529,-29.96255529,-29.96255529,-29.96255529
25.92,-29.9687289,-29.9687289,-29.9687289,-29.9687289,-29.9687289
25.94,-29.97389487,-29.97389487,-29.97389487,-29.97389487,-29.97389487
25.96,-29.97821467,-29.97821467,-29.97821467,-29.97821467,-29.97821467
25.98,-29.98182718,-29.98182718,-29.98182718,-29.98182718,-29.98182718
26,-29.98484563,-29.98484563,-29.98484563,-29.98484563,-29.98484563
26.02,-29.98736638,-29.98736638,-29.98736638,-29.98736638,-29.98736638
26.04,-29.98947189,-29.98947189,-29.98947189,-29.98947189,-29.98947189
26.06,-29.99122888,-29.99122888,-29.99122888,-29.99122888,-29.99122888
26.08,-29.99269492,-29.99269492,-29.99269492,-29.99269492,-29.99269492
26.1,-29.99391758,-29.99391758,-29.99391758,-29.99391758,-29.99391758
26.12,-29.99493696,-29.99493696,-29.99493696,-29.99493696,-29.99493696
26.14,-29.99578679,-29.99578679,-29.99578679,-29.99578679,-29.99578679
26.16,-29.99649483,-29.99649483,-29.99649483,-29.99649483,-29.99649483
26.18,-29.99708451,-29.99708451,-29.99708451,-29.99708451,-29.99708451
26.2,-29.99757574,-29.99757574,-29.99757574,-29.99757574,-29.99757574
26.22,-29.99798462,-29.99798462,-29.99798462,-29.99798462,-29.99798462
26.24,-29.99832493,-29.99832493,-29.99832493,-29.99832493,-29.99832493
26.26,-29.99860805,-29.99860805,-29.99860805,-29.99860805,-29.99860805
26.28,-29.9988436,-29.9988436,-29.9988436,-29.9988436,-29.9988436
26.3,-29.9990395,-29.9990395,-29.9990395,-29.9990395,-29.9990395
26.32,-29.99920237,-29.99920237,-29.99920237,-29.99920237,-29.99920237
26.34,-29.99933772,-29.99933772,-29.99933772,-29.99933772,-29.99933772
26.36,-29.99945025,-29.99945025,-29.99945025,-29.99945025,-29.99945025
26.38,-29.99954374,-29.99954374,-29.99954374,-29.99954374,-29.99954374
26.4,-29.99962139,-29.99962139,-29.99962139,-29.99962139,-29.99962139
26.42,-29.99968587,-29.99968587,-29.99968587,-29.99968587,-29.99968587
26.44,-29.99973944,-29.99973944,-29.99973944,-29.99973944,-29.99973944
26.46,-29.9997839,-29.9997839,-29.9997839,-29.9997839,-29.9997839
26.48,-29.9998208,-29.9998208,-29.9998208,-29.9998208,-29.9998208
26.5,-29.99985142,-29.99985142,-29.99985142,-29.99985142,-29.99985142
26.52,-29.99987683,-29.99987683,-29.99987683,-29.99987683,-29.99987683
26.54,-29.99989791,-29.99989791,-29.99989791,-29.99989791,-29.99989791
26.56,-29.9999154,-29.9999154,-29.9999154,-29.9999154,-29.9999154
26.58,-29.9999299,-29.9999299,-29.9999299,-29.9999299,-29.9999299
26.6,-29.99994192,-29.99994192,-29.99994192,-29.99994192,-29.99994192
26.62,-29.99995189,-29.99995189,-29.99995189,-29.99995189,-29.99995189
26.64,-29.99996015,-29.99996015,-29.99996015,-29.99996015,-29.99996015
26.66,-29.999967,-29.999967,-29.999967,-29.999967,-29.999967
26.68,-29.99997268,-29.99997268,-29.99997268,-29.99997268,-29.99997268
26.7,-29.99997738,-29.99997738,-29.99997738,-29.99997738,-29.99997738
26.72,-29.99998127,-29.99998127,-29.99998127,-29.99998127,-29.99998127
26.74,-29.9999845,-29.9999845,-29.9999845,-29.9999845,-29.9999845
26.76,-29.99998717,-29.99998717,-29.99998717,-29.99998717,-29.99998717
26.78,-29.99998938,-29.99998938,-29.99998938,-29.99998938,-29.99998938
26.8,-29.99999121,-29.99999121,-29.99999121,-29.99999121,-29.99999121
26.82,-29.99999273,-29.99999273,-29.99999273,-29.99999273,-29.99999273
26.84,-29.99999399,-29.99999399,-29.99999399,-29.99999399,-29.99999399
26.86,-29.99999503,-29.99999503,-29.99999503,-29.99999503,-29.99999503
26.88,-29.99999589,-29.99999589,-29.99999589,-29.99999589,-29.99999589
26.9,-29.9999966,-29.9999966,-29.9999966,-29.9999966,-29.9999966
26.92,-29.99999719,-29.99999719,-29.99999719,-29.99999719,-29.99999719
26.94,-29.99999767,-29.99999767,-29.99999767,-29.99999767,-29.99999767
26.96,-29.99999808,-29.99999808,-29.99999808,-29.99999808,-29.99999808
26.98,-29.99999841,-29.99999841,-29.99999841,-29.99999841,-29.99999841
27,-29.99999869,-29.99999869,-29.99999869,-29.99999869,-29.99999869
27.02,-29.99999891,-29.99999891,-29.99999891,-29.99999891,-29.99999891
27.04,-29.9999991,-29.9999991,-29.9999991,-29.9999991,-29.9999991
27.06,-29.99999926,-29.99999926,-29.99999926,-29.99999926,-29.99999926
27.08,-29.99999939,-29.99999939,-29.99999939,-29.99999939,-29.99999939
27.1,-29.99999949,-29.99999949,-29.99999949,-29.99999949,-29.99999949
27.12,-29.99999958,-29.99999958,-29.99999958,-29.99999958,-29.99999958
27.14,-29.99999965,-29.99999965,-29.99999965,-29.99999965,-29.99999965
27.16,-29.99999971,-29.99999971,-29.99999971,-29.99999971,-29.99999971
27.18,-29.99999976,-29.99999976,-29.99999976,-29.99999976,-29.99999976
27.2,-29.99999981,-29.99999981,-29.99999981,-29.99999981,-29.99999981
27.22,-29.99999984,-29.99999984,-29.99999984,-29.99999984,-29.99999984
27.24,-29.99999987,-29.99999987,-29.99999987,-29.99999987,-29.99999987
27.26,-29.99999989,-29.99999989,-29.99999989,-29.99999989,-29.99999989
27.28,-29.99999991,-29.99999991,-29.99999991,-29.99999991,-29.99999991
27.3,-29.99999993,-29.99999993,-29.99999993,-29.99999993,-29.99999993
27.32,-29.99999994,-29.99999994,-29.99999994,-29.99999994,-29.99999994
27.34,-29.99999995,-29.99999995,-29.99999995,-29.99999995,-29.99999995
27.36,-29.99999996,-29.99999996,-29.99999996,-29.99999996,-29.99999996
27.38,-29.99999997,-29.99999997,-29.99999997,-29.99999997,-29.99999997
27.4,-29.99999997,-29.99999997,-29.99999997,-29.99999997,-29.99999997
27.42,-29.99999998,-29.99999998,-29.99999998,-29.99999998,-29.99999998
27.44,-29.99999998,-29.99999998,-29.99999998,-29.99999998,-29.99999998
27.46,-29.99999998,-29.99999998,-29.99999998,-29.99999998,-29.99999998
27.48,-29.99999999,-29.99999999,-29.99999999,-29.99999999,-29.99999999
27.5,-29.99999999,-29.99999999,-29.99999999,-29.99999999,-29.99999999
27.52,-29.99999999,-29.99999999,-29.99999999,-29.99999999,-29.99999999
27.54,-29.99999999,-29.99999999,-29.99999999,-29.99999999,-29.99999999
27.56,-29.99999999,-29.99999999,-29.99999999,-29.99999999,-29.99999999
27.58,-29.99999999,-29.99999999,-29.99999999,-29.99999999,-29.99999999
27.6,-30,-30,-30,-30,-30
27.62,-30,-30,-30,-30,-30
27.64,-30,-30,-30,-30,-30
27.66,-30,-30,-30,-30,-30
27.68,-30,-30,-30,-30,-30
27.7,-30,-30,-30,-30,-30
27.72,-30,-30,-30,-30,-30
27.74,-30,-30,-30,-30,-30
27.76,-30,-30,-30,-30,-30
27.78,-30,-30,-30,-30,-30
27.8,-30,-30,-30,-30,-30
27.82,-30,-30,-30,-30,-30
27.84,-30,-30,-30,-30,-30
27.86,-30,-30,-30,-30,-30
27.88,-30,-30,-30,-30,-30
27.9,-30,-30,-30,-30,-30
27.92,-30,-30,-30,-30,-30
27.94,-30,-30,-30,-30,-30
27.96,-30,-30,-30,-30,-30
27.98,-30,-30,-30,-30,-30
28,-30,-30,-30,-30,-30
28.02,-30,-30,-30,-30,-30
28.04,-30,-30,-30,-30,-30
28.06,-30,-30,-30,-30,-30
28.08,-30,-30,-30,-30,-30
28.1,-30,-30,-30,-30,-30
28.12,-30,-30,-30,-30,-30
28.14,-30,-30,-30,-30,-30
28.16,-30,-30,-30,-30,-30
28.18,-30,-30,-30,-30,-30
28.2,-30,-30,-30,-30,-30
28.22,-30,-30,-30,-30,-30
28.24,-30,-30,-30,-30,-30
28.26,-30,-30,-30,-30,-30
28.28,-30,-30,-30,-30,-30
28.3,-30,-30,-30,-30,-30
28.32,-30,-30,-30,-30,-30
28.34,-30,-30,-30,-30,-30
28.36,-30,-30,-30,-30,-30
28.38,-30,-30,-30,-30,-30
28.4,-30,-30,-30,-30,-30
28.42,-30,-30,-30,-30,-30
28.44,-30,-30,-30,-30,-30
28.46,-30,-30,-30,-30,-30
28.48,-30,-30,-30,-30,-30
28.5,-30,-30,-30,-30,-30
28.52,-30,-30,-30,-30,-30
28.54,-30,-30,-30,-30,-30
28.56,-30,-30,-30,-30,-30
28.58,-30,-30,-30,-30,-30
28.6,-30,-30,-30,-30,-30
28.62,-30,-30,-30,-30,-30
28.64,-30,-30,-30,-30,-30
28.66,-30,-30,-30,-30,-30
28.68,-30,-30,-30,-30,-30
28.7,-30,-30,-30,-30,-30
28.72,-30,-30,-30,-30,-30
28.74,-30,-30,-30,-30,-30
28.76,-30,-30,-30,-30,-30
28.78,-30,-30,-30,-30,-30
28.8,-30,-30,-30,-30,-30
28.82,-30,-30,-30,-30,-30
28.84,-30,-30,-30,-30,-30
28.86,-30,-30,-30,-30,-30
28.88,-30,-30,-30,-30,-30
28.9,-30,-30,-30,-30,-30
28.92,-30,-30,-30,-30,-30
28.94,-30,-30,-30,-30,-30
28.96,-30,-30,-30,-30,-30
28.98,-30,-30,-30,-30,-30
29,-30,-30,-30,-30,-30
29.02,-30,-30,-30,-30,-30
29.04,-30,-30,-30,-30,-30
29.06,-30,-30,-30,-30,-30
29.08,-30,-30,-30,-30,-30
29.1,-30,-30,-30,-30,-30
29.12,-30,-30,-30,-30,-30
29.14,-30,-30,-30,-30,-30
29.16,-30,-30,-30,-30,-30
29.18,-30,-30,-30,-30,-30
29.2,-30,-30,-30,-30,-30
29.22,-30,-30,-30,-30,-30
29.24,-30,-30,-30,-30,-30
29.26,-30,-30,-30,-30,-30
29.28,-30,-30,-30,-30,-30
29.3,-30,-30,-30,-30,-30
29.32,-30,-30,-30,-30,-30
29.34,-30,-30,-30,-30,-30
29.36,-30,-30,-30,-30,-30
29.38,-30,-30,-30,-30,-30
29.4,-30,-30,-30,-30,-30
29.42,-30,-30,-30,-30,-30
29.44,-30,-30,-30,-30,-30
29.46,-30,-30,-30,-30,-30
29.48,-30,-30,-30,-30,-30
29.5,-30,-30,-30,-30,-30
29.52,-30,-30,-30,-30,-30
29.54,-30,-30,-30,-30,-30
29.56,-30,-30,-30,-30,-30
29.58,-30,-30,-30,-30,-30
29.6,-30,-30,-30,-30,-30
29.62,-30,-30,-30,-30,-30
29.64,-30,-30,-30,-30,-30
29.66,-30,-30,-30,-30,-30
29.68,-30,-30,-30,-30,-30
29.7,-30,-30,-30,-30,-30
29.72,-30,-30,-30,-30,-30
29.74,-30,-30,-30,-30,-30
29.76,-30,-30,-30,-30,-30
29.78,-30,-30,-30,-30,-30
29.8,-30,-30,-30,-30,-30
29.82,-30,-30,-30,-30,-30
29.84,-30,-30,-30,-30,-30
29.86,-30,-30,-30,-30,-30
29.88,-30,-30,-30,-30,-30
29.9,-30,-30,-30,-30,-30
29.92,-30,-30,-30,-30,-30
29.94,-30,-30,-30,-30,-30
29.96,-30,-30,-30,-30,-30
29.98,-30,-30,-30,-30,-30
30,-29.99881829,-29.99881829,-29.99881829,-29.99881829,-29.99881829
30.02,-29.46009961,-29.46009961,-29.46009961,-29.46009961,-29.46009961
30.04,-28.132583,-28.132583,-28.132583,-28.132583,-28.132583
30.06,-26.31795676,-26.31795676,-26.31795676,-26.31795676,-26.31795676
30.08,-24.23667243,-24.23667243,-24.23667243,-24.23667243,-24.23667243
30.1,-22.04527203,-22.04527203,-22.04527203,-22.04527203,-22.04527203
30.12,-19.85190344,-19.85190344,-19.85190344,-19.85190344,-19.85190344
30.14,-17.72936417,-17.72936417,-17.72936417,-17.72936417,-17.72936417
30.16,-15.72399371,-15.72399371,-15.72399371,-15.72399371,-15.72399371
30.18,-13.86326497,-13.86326497,-13.86326497,-13.86326497,-13.86326497
30.2,-12.16022599,-12.16022599,-12.16022599,-12.16022599,-12.16022599
30.22,-10.61911481,-10.61911481,-10.61911481,-10.61911481,-10.61911481
30.24,-9.237338436,-9.237338436,-9.237338436,-9.237338436,-9.237338436
30.26,-8.00733494,-8.00733494,-8.00733494,-8.00733494,-8.00733494
30.28,-6.919836468,-6.919836468,-6.919836468,-6.919836468,-6.919836468
30.3,-5.963449396,-5.963449396,-5.963449396,-5.963449396,-5.963449396
30.32,-5.12649463,-5.12649463,-5.12649463,-5.12649463,-5.12649463
30.34,-4.396981133,-4.396981133,-4.396981133,-4.396981133,-4.396981133
30.36,-3.763440702,-3.763440702,-3.763440702,-3.763440702,-3.763440702
30.38,-3.215148839,-3.215148839,-3.215148839,-3.215148839,-3.215148839
30.4,-2.742034922,-2.742034922,-2.742034922,-2.742034922,-2.742034922
30.42,-2.334701138,-2.334701138,-2.334701138,-2.334701138,-2.334701138
30.44,-1.984963578,-1.984963578,-1.984963578,-1.984963578,-1.984963578
30.46,-1.685314427,-1.685314427,-1.685314427,-1.685314427,-1.685314427
30.48,-1.429113479,-1.429113479,-1.429113479,-1.429113479,-1.429113479
30.5,-1.210357636,-1.210357636,-1.210357636,-1.210357636,-1.210357636
30.52,-1.023979133,-1.023979133,-1.023979133,-1.023979133,-1.023979133
30.54,-0.865399836,-0.865399836,-0.865399836,-0.865399836,-0.865399836
30.56,-0.730674468,-0.730674468,-0.730674468,-0.730674468,-0.730674468
30.58,-0.616335784,-0.616335784,-0.616335784,-0.616335784,-0.616335784
30.6,-0.51944885,-0.51944885,-0.51944885,-0.51944885,-0.51944885
30.62,-0.437434551,-0.437434551,-0.437434551,-0.437434551,-0.437434551
30.64,-0.368098294,-0.368098294,-0.368098294,-0.368098294,-0.368098294
30.66,-0.309508032,-0.309508032,-0.309508032,-0.309508032,-0.309508032
30.68,-0.260068822,-0.260068822,-0.260068822,-0.260068822,-0.260068822
30.7,-0.218388567,-0.218388567,-0.218388567,-0.218388567,-0.218388567
30.72,-0.183268231,-0.183268231,-0.183268231,-0.183268231,-0.183268231
30.74,-0.153704344,-0.153704344,-0.153704344,-0.153704344,-0.153704344
30.76,-0.12883842,-0.12883842,-0.12883842,-0.12883842,-0.12883842
30.78,-0.107935971,-0.107935971,-0.107935971,-0.107935971,-0.107935971
30.8,-0.090381372,-0.090381372,-0.090381372,-0.090381372,-0.090381372
30.82,-0.075640166,-0.075640166,-0.075640166,-0.075640166,-0.075640166
30.84,-0.063274197,-0.063274197,-0.063274197,-0.063274197,-0.063274197
30.86,-0.052908196,-0.052908196,-0.052908196,-0.052908196,-0.052908196
30.88,-0.044218384,-0.044218384,-0.044218384,-0.044218384,-0.044218384
30.9,-0.036941836,-0.036941836,-0.036941836,-0.036941836,-0.036941836
30.92,-0.030850031,-0.030850031,-0.030850031,-0.030850031,-0.030850031
30.94,-0.025753041,-0.025753041,-0.025753041,-0.025753041,-0.025753041
30.96,-0.021490744,-0.021490744,-0.021490744,-0.021490744,-0.021490744
30.98,-0.017926661,-0.017926661,-0.017926661,-0.017926661,-0.017926661
31,-0.01494879,-0.01494879,-0.01494879,-0.01494879,-0.01494879
31.02,-0.012461934,-0.012461934,-0.012461934,-0.012461934,-0.012461934
31.04,-0.010384819,-0.010384819,-0.010384819,-0.010384819,-0.010384819
31.06,-0.008651498,-0.008651498,-0.008651498,-0.008651498,-0.008651498
31.08,-0.007205297,-0.007205297,-0.007205297,-0.007205297,-0.007205297
31.1,-0.005999281,-0.005999281,-0.005999281,-0.005999281,-0.005999281
31.12,-0.004993633,-0.004993633,-0.004993633,-0.004993633,-0.004993633
31.14,-0.004155375,-0.004155375,-0.004155375,-0.004155375,-0.004155375
31.16,-0.003457007,-0.003457007,-0.003457007,-0.003457007,-0.003457007
31.18,-0.002875376,-0.002875376,-0.002875376,-0.002875376,-0.002875376
31.2,-0.002390871,-0.002390871,-0.002390871,-0.002390871,-0.002390871
31.22,-0.001987574,-0.001987574,-0.001987574,-0.001987574,-0.001987574
31.24,-0.001651937,-0.001651937,-0.001651937,-0.001651937,-0.001651937
31.26,-0.001372716,-0.001372716,-0.001372716,-0.001372716,-0.001372716
31.28,-0.001140374,-0.001140374,-0.001140374,-0.001140374,-0.001140374
31.3,-0.000947191,-0.000947191,-0.000947191,-0.000947191,-0.000947191
31.32,-0.00078657,-0.00078657,-0.00078657,-0.00078657,-0.00078657
31.34,-0.000653077,-0.000653077,-0.000653077,-0.000653077,-0.000653077
31.36,-0.000542106,-0.000542106,-0.000542106,-0.000542106,-0.000542106
31.38,-0.000449916,-0.000449916,-0.000449916,-0.000449916,-0.000449916
31.4,-0.000373336,-0.000373336,-0.000373336,-0.000373336,-0.000373336
31.42,-0.000309749,-0.000309749,-0.000309749,-0.000309749,-0.000309749
31.44,-0.000256929,-0.000256929,-0.000256929,-0.000256929,-0.000256929
31.46,-0.000213086,-0.000213086,-0.000213086,-0.000213086,-0.000213086
31.48,-0.0001767,-0.0001767,-0.0001767,-0.0001767,-0.0001767
31.5,-0.0001465,-0.0001465,-0.0001465,-0.0001465,-0.0001465
31.52,-0.000121441,-0.000121441,-0.000121441,-0.000121441,-0.000121441
31.54,-0.000100655,-0.000100655,-0.000100655,-0.000100655,-0.000100655
31.56,-8.34E-05,-8.34E-05,-8.34E-05,-8.34E-05,-8.34E-05
31.58,-6.91E-05,-6.91E-05,-6.91E-05,-6.91E-05,-6.91E-05
31.6,-5.73E-05,-5.73E-05,-5.73E-05,-5.73E-05,-5.73E-05
31.62,-4.74E-05,-4.74E-05,-4.74E-05,-4.74E-05,-4.74E-05
31.64,-3.93E-05,-3.93E-05,-3.93E-05,-3.93E-05,-3.93E-05
31.66,-3.25E-05,-3.25E-05,-3.25E-05,-3.25E-05,-3.25E-05
31.68,-2.69E-05,-2.69E-05,-2.69E-05,-2.69E-05,-2.69E-05
31.7,-2.23E-05,-2.23E-05,-2.23E-05,-2.23E-05,-2.23E-05
31.72,-1.85E-05,-1.85E-05,-1.85E-05,-1.85E-05,-1.85E-05
31.74,-1.53E-05,-1.53E-05,-1.53E-05,-1.53E-05,-1.53E-05
31.76,-1.26E-05,-1.26E-05,-1.26E-05,-1.26E-05,-1.26E-05
31.78,-1.05E-05,-1.05E-05,-1.05E-05,-1.05E-05,-1.05E-05
31.8,-8.66E-06,-8.66E-06,-8.66E-06,-8.66E-06,-8.66E-06
31.82,-7.17E-06,-7.17E-06,-7.17E-06,-7.17E-06,-7.17E-06
31.84,-5.93E-06,-5.93E-06,-5.93E-06,-5.93E-06,-5.93E-06
31.86,-4.90E-06,-4.90E-06,-4.90E-06,-4.90E-06,-4.90E-06
31.88,-4.06E-06,-4.06E-06,-4.06E-06,-4.06E-06,-4.06E-06
31.9,-3.35E-06,-3.35E-06,-3.35E-06,-3.35E-06,-3.35E-06
31.92,-2.77E-06,-2.77E-06,-2.77E-06,-2.77E-06,-2.77E-06
31.94,-2.29E-06,-2.29E-06,-2.29E-06,-2.29E-06,-2.29E-06
31.96,-1.90E-06,-1.90E-06,-1.90E-06,-1.90E-06,-1.90E-06
31.98,-1.57E-06,-1.57E-06,-1.57E-06,-1.57E-06,-1.57E-06
32,-1.30E-06,-1.30E-06,-1.30E-06,-1.30E-06,-1.30E-06
32.02,-1.07E-06,-1.07E-06,-1.07E-06,-1.07E-06,-1.07E-06
32.04,-8.85E-07,-8.85E-07,-8.85E-07,-8.85E-07,-8.85E-07
32.06,-7.31E-07,-7.31E-07,-7.31E-07,-7.31E-07,-7.31E-07
32.08,-6.04E-07,-6.04E-07,-6.04E-07,-6.04E-07,-6.04E-07
32.1,-4.99E-07,-4.99E-07,-4.99E-07,-4.99E-07,-4.99E-07
32.12,-4.13E-07,-4.13E-07,-4.13E-07,-4.13E-07,-4.13E-07
32.14,-3.41E-07,-3.41E-07,-3.41E-07,-3.41E-07,-3.41E-07
32.16,-2.81E-07,-2.81E-07,-2.81E-07,-2.81E-07,-2.81E-07
32.18,-2.32E-07,-2.32E-07,-2.32E-07,-2.32E-07,-2.32E-07
32.2,-1.92E-07,-1.92E-07,-1.92E-07,-1.92E-07,-1.92E-07
32.22,-1.59E-07,-1.59E-07,-1.59E-07,-1.59E-07,-1.59E-07
32.24,-1.31E-07,-1.31E-07,-1.31E-07,-1.31E-07,-1.31E-07
32.26,-1.08E-07,-1.08E-07,-1.08E-07,-1.08E-07,-1.08E-07
32.28,-8.93E-08,-8.93E-08,-8.93E-08,-8.93E-08,-8.93E-08
32.3,-7.37E-08,-7.37E-08,-7.37E-08,-7.37E-08,-7.37E-08
32.32,-6.09E-08,-6.09E-08,-6.09E-08,-6.09E-08,-6.09E-08
32.34,-5.02E-08,-5.02E-08,-5.02E-08,-5.02E-08,-5.02E-08
32.36,-4.15E-08,-4.15E-08,-4.15E-08,-4.15E-08,-4.15E-08
32.38,-3.42E-08,-3.42E-08,-3.42E-08,-3.42E-08,-3.42E-08
32.4,-2.82E-08,-2.82E-08,-2.82E-08,-2.82E-08,-2.82E-08
32.42,-2.33E-08,-2.33E-08,-2.33E-08,-2.33E-08,-2.33E-08
32.44,-1.92E-08,-1.92E-08,-1.92E-08,-1.92E-08,-1.92E-08
32.46,-1.59E-08,-1.59E-08,-1.59E-08,-1.59E-08,-1.59E-08
32.48,-1.31E-08,-1.31E-08,-1.31E-08,-1.31E-08,-1.31E-08
32.5,-1.08E-08,-1.08E-08,-1.08E-08,-1.08E-08,-1.08E-08
32.52,-8.92E-09,-8.92E-09,-8.92E-09,-8.92E-09,-8.92E-09
32.54,-7.36E-09,-7.36E-09,-7.36E-09,-7.36E-09,-7.36E-09
32.56,-6.07E-09,-6.07E-09,-6.07E-09,-6.07E-09,-6.07E-09
32.58,-5.01E-09,-5.01E-09,-5.01E-09,-5.01E-09,-5.01E-09
32.6,-4.13E-09,-4.13E-09,-4.13E-09,-4.13E-09,-4.13E-09
32.62,-3.41E-09,-3.41E-09,-3.41E-09,-3.41E-09,-3.41E-09
32.64,-2.81E-09,-2.81E-09,-2.81E-09,-2.81E-09,-2.81E-09
32.66,-2.32E-09,-2.32E-09,-2.32E-09,-2.32E-09,-2.32E-09
32.68,-1.91E-09,-1.91E-09,-1.91E-09,-1.91E-09,-1.91E-09
32.7,-1.58E-09,-1.58E-09,-1.58E-09,-1.58E-09,-1.58E-09
32.72,-1.30E-09,-1.30E-09,-1.30E-09,-1.30E-09,-1.30E-09
32.74,-1.07E-09,-1.07E-09,-1.07E-09,-1.07E-09,-1.07E-09
32.76,-8.83E-10,-8.83E-10,-8.83E-10,-8.83E-10,-8.83E-10
32.78,-7.28E-10,-7.28E-10,-7.28E-10,-7.28E-10,-7.28E-10
32.8,-6.00E-10,-6.00E-10,-6.00E-10,-6.00E-10,-6.00E-10
32.82,-4.95E-10,-4.95E-10,-4.95E-10,-4.95E-10,-4.95E-10
32.84,-4.08E-10,-4.08E-10,-4.08E-10,-4.08E-10,-4.08E-10
32.86,-3.36E-10,-3.36E-10,-3.36E-10,-3.36E-10,-3.36E-10
32.88,-2.77E-10,-2.77E-10,-2.77E-10,-2.77E-10,-2.77E-10
32.9,-2.28E-10,-2.28E-10,-2.28E-10,-2.28E-10,-2.28E-10
32.92,-1.88E-10,-1.88E-10,-1.88E-10,-1.88E-10,-1.88E-10
32.94,-1.55E-10,-1.55E-10,-1.55E-10,-1.55E-10,-1.55E-10
32.96,-1.28E-10,-1.28E-10,-1.28E-10,-1.28E-10,-1.28E-10
32.98,-1.05E-10,-1.05E-10,-1.05E-10,-1.05E-10,-1.05E-10
33,-8.68E-11,-8.68E-11,-8.68E-11,-8.68E-11,-8.68E-11
33.02,-7.15E-11,-7.16E-11,-7.15E-11,-7.16E-11,-7.15E-11
33.04,-5.89E-11,-5.90E-11,-5.90E-11,-5.90E-11,-5.90E-11
33.06,-4.85E-11,-4.86E-11,-4.86E-11,-4.86E-11,-4.86E-11
33.08,-4.00E-11,-4.00E-11,-4.00E-11,-4.00E-11,-4.00E-11
33.1,-3.30E-11,-3.30E-11,-3.30E-11,-3.30E-11,-3.30E-11
33.12,-2.72E-11,-2.72E-11,-2.72E-11,-2.72E-11,-2.72E-11
33.14,-2.24E-11,-2.24E-11,-2.24E-11,-2.24E-11,-2.24E-11
33.16,-1.84E-11,-1.85E-11,-1.84E-11,-1.85E-11,-1.84E-11
33.18,-1.52E-11,-1.53E-11,-1.52E-11,-1.53E-11,-1.52E-11
33.2,-1.24E-11,-1.25E-11,-1.25E-11,-1.25E-11,-1.25E-11
33.22,-1.02E-11,-1.03E-11,-1.03E-11,-1.03E-11,-1.03E-11
33.24,-8.42E-12,-8.49E-12,-8.50E-12,-8.49E-12,-8.50E-12
33.26,-6.95E-12,-7.03E-12,-7.00E-12,-7.03E-12,-7.00E-12
33.28,-5.69E-12,-5.76E-12,-5.72E-12,-5.76E-12,-5.72E-12
33.3,-4.69E-12,-4.75E-12,-4.71E-12,-4.75E-12,-4.71E-12
33.32,-3.84E-12,-3.89E-12,-3.89E-12,-3.89E-12,-3.89E-12
33.34,-3.13E-12,-3.23E-12,-3.16E-12,-3.23E-12,-3.16E-12
33.36,-2.58E-12,-2.68E-12,-2.67E-12,-2.68E-12,-2.67E-12
33.38,-2.12E-12,-2.19E-12,-2.16E-12,-2.19E-12,-2.16E-12
33.4,-1.74E-12,-1.81E-12,-1.76E-12,-1.81E-12,-1.76E-12
33.42,-1.45E-12,-1.48E-12,-1.50E-12,-1.48E-12,-1.50E-12
33.44,-1.22E-12,-1.21E-12,-1.20E-12,-1.21E-12,-1.20E-12
33.46,-9.03E-13,-9.67E-13,-9.16E-13,-9.67E-13,-9.16E-13
33.48,-7.38E-13,-8.21E-13,-7.63E-13,-8.21E-13,-7.63E-13
33.5,-5.98E-13,-6.42E-13,-6.36E-13,-6.42E-13,-6.36E-13
33.52,-5.09E-13,-5.85E-13,-5.60E-13,-5.85E-13,-5.60E-13
33.54,-4.58E-13,-5.47E-13,-5.09E-13,-5.47E-13,-5.09E-13
33.56,-4.45E-13,-4.71E-13,-4.58E-13,-4.71E-13,-4.58E-13
33.58,-3.82E-13,-4.33E-13,-4.07E-13,-4.33E-13,-4.07E-13
33.6,-3.69E-13,-4.39E-13,-3.82E-13,-4.39E-13,-3.82E-13
33.62,-3.82E-13,-4.33E-13,-3.82E-13,-4.33E-13,-3.82E-13
33.64,-3.82E-13,-4.13E-13,-4.07E-13,-4.13E-13,-4.07E-13
33.66,-3.69E-13,-4.45E-13,-3.82E-13,-4.45E-13,-3.82E-13
33.68,-3.56E-13,-4.33E-13,-4.07E-13,-4.33E-13,-4.07E-13
33.7,-3.82E-13,-4.39E-13,-4.07E-13,-4.39E-13,-4.07E-13
33.72,-3.56E-13,-4.45E-13,-4.07E-13,-4.45E-13,-4.07E-13
33.74,-3.43E-13,-4.45E-13,-4.07E-13,-4.45E-13,-4.07E-13
33.76,-3.94E-13,-4.45E-13,-4.07E-13,-4.45E-13,-4.07E-13
33.78,-3.43E-13,-4.45E-13,-3.82E-13,-4.45E-13,-3.82E-13
33.8,-3.69E-13,-4.39E-13,-3.82E-13,-4.39E-13,-3.82E-13
33.82,-3.82E-13,-3.94E-13,-4.07E-13,-3.94E-13,-4.07E-13
33.84,-3.82E-13,-4.39E-13,-4.07E-13,-4.39E-13,-4.07E-13
33.86,-3.94E-13,-4.07E-13,-4.07E-13,-4.07E-13,-4.07E-13
33.88,-3.69E-13,-4.52E-13,-4.07E-13,-4.52E-13,-4.07E-13
33.9,-3.94E-13,-4.33E-13,-4.07E-13,-4.33E-13,-4.07E-13
33.92,-3.82E-13,-4.33E-13,-4.07E-13,-4.33E-13,-4.07E-13
33.94,-3.56E-13,-4.39E-13,-4.07E-13,-4.39E-13,-4.07E-13
33.96,-3.69E-13,-4.33E-13,-4.07E-13,-4.33E-13,-4.07E-13
33.98,-3.82E-13,-4.13E-13,-4.07E-13,-4.13E-13,-4.07E-13
34,-3.94E-13,-4.26E-13,-4.07E-13,-4.26E-13,-4.07E-13
34.02,-3.82E-13,-4.20E-13,-4.07E-13,-4.20E-13,-4.07E-13
34.04,-3.69E-13,-4.33E-13,-4.07E-13,-4.33E-13,-4.07E-13
34.06,-3.82E-13,-4.33E-13,-4.07E-13,-4.33E-13,-4.07E-13
34.08,-3.43E-13,-4.39E-13,-3.82E-13,-4.39E-13,-3.82E-13
34.1,-3.56E-13,-4.33E-13,-3.82E-13,-4.33E-13,-3.82E-13
34.12,-3.82E-13,-4.33E-13,-4.33E-13,-4.33E-13,-4.33E-13
34.14,-3.69E-13,-4.45E-13,-4.07E-13,-4.45E-13,-4.07E-13
34.16,-3.82E-13,-4.20E-13,-4.07E-13,-4.20E-13,-4.07E-13
34.18,-3.82E-13,-4.07E-13,-3.82E-13,-4.07E-13,-3.82E-13
34.2,-3.82E-13,-4.45E-13,-4.07E-13,-4.45E-13,-4.07E-13
34.22,-3.69E-13,-4.13E-13,-4.07E-13,-4.13E-13,-4.07E-13
34.24,-3.82E-13,-4.45E-13,-4.07E-13,-4.45E-13,-4.07E-13
34.26,-3.69E-13,-4.20E-13,-4.33E-13,-4.20E-13,-4.33E-13
34.28,-3.82E-13,-4.20E-13,-4.07E-13,-4.20E-13,-4.07E-13
34.3,-3.94E-13,-4.20E-13,-4.07E-13,-4.20E-13,-4.07E-13
34.32,-3.82E-13,-4.45E-13,-4.07E-13,-4.45E-13,-4.07E-13
34.34,-3.82E-13,-4.13E-13,-4.07E-13,-4.13E-13,-4.07E-13
34.36,-3.94E-13,-4.20E-13,-4.07E-13,-4.20E-13,-4.07E-13
34.38,-3.43E-13,-4.26E-13,-4.33E-13,-4.26E-13,-4.33E-13
34.4,-3.94E-13,-4.07E-13,-4.07E-13,-4.07E-13,-4.07E-13
34.42,-3.94E-13,-4.26E-13,-4.07E-13,-4.26E-13,-4.07E-13
34.44,-3.43E-13,-4.20E-13,-3.82E-13,-4.20E-13,-3.82E-13
34.46,-3.69E-13,-4.20E-13,-3.82E-13,-4.20E-13,-3.82E-13
34.48,-3.69E-13,-4.52E-13,-3.82E-13,-4.52E-13,-3.82E-13
34.5,-3.69E-13,-4.33E-13,-3.82E-13,-4.33E-13,-3.82E-13
34.52,-3.69E-13,-4.07E-13,-4.07E-13,-4.07E-13,-4.07E-13
34.54,-3.56E-13,-4.33E-13,-3.82E-13,-4.33E-13,-3.82E-13
34.56,-3.82E-13,-4.45E-13,-4.07E-13,-4.45E-13,-4.07E-13
34.58,-3.82E-13,-4.33E-13,-4.07E-13,-4.33E-13,-4.07E-13
34.6,-3.94E-13,-4.39E-13,-3.82E-13,-4.39E-13,-3.82E-13
34.62,-3.69E-13,-4.39E-13,-3.82E-13,-4.39E-13,-3.82E-13
34.64,-3.94E-13,-4.20E-13,-4.07E-13,-4.20E-13,-4.07E-13
34.66,-3.82E-13,-4.33E-13,-4.07E-13,-4.33E-13,-4.07E-13
34.68,-3.82E-13,-4.33E-13,-4.07E-13,-4.33E-13,-4.07E-13
34.7,-3.69E-13,-4.01E-13,-4.07E-13,-4.01E-13,-4.07E-13
34.72,-3.82E-13,-4.45E-13,-4.07E-13,-4.45E-13,-4.07E-13
34.74,-3.43E-13,-4.26E-13,-4.33E-13,-4.26E-13,-4.33E-13
34.76,-3.56E-13,-4.45E-13,-3.82E-13,-4.45E-13,-3.82E-13
34.78,-3.56E-13,-4.45E-13,-4.07E-13,-4.45E-13,-4.07E-13
34.8,-3.94E-13,-4.26E-13,-4.07E-13,-4.26E-13,-4.07E-13
34.82,-3.82E-13,-4.01E-13,-4.07E-13,-4.01E-13,-4.07E-13
34.84,-3.82E-13,-4.45E-13,-4.07E-13,-4.45E-13,-4.07E-13
34.86,-3.69E-13,-4.45E-13,-3.82E-13,-4.45E-13,-3.82E-13
34.88,-3.82E-13,-4.26E-13,-3.82E-13,-4.26E-13,-3.82E-13
34.9,-3.69E-13,-4.20E-13,-4.07E-13,-4.20E-13,-4.07E-13
34.92,-3.82E-13,-4.20E-13,-4.07E-13,-4.20E-13,-4.07E-13
34.94,-3.82E-13,-4.45E-13,-4.07E-13,-4.45E-13,-4.07E-13
34.96,-3.82E-13,-4.52E-13,-4.07E-13,-4.52E-13,-4.07E-13
34.98,-3.69E-13,-4.20E-13,-4.07E-13,-4.20E-13,-4.07E-13
35,-3.94E-13,-4.45E-13,-4.07E-13,-4.45E-13,-4.07E-13
